id,title,description,link,image_link,availability,price,condition,brand,gtin,google_product_category,product_type
4987176359933,ブラウン シリーズ9 スポーツ+(5in1自動アルコール洗浄器&シェーバーケース&替刃付き ) アトリエブラック 9350CC-BSP,●5カットシステム:多彩な刃の組み合わせであらゆるヒゲをとらえる独自の設計。 ・異なる5つカットシステムが融合し、寝たヒゲやくせヒゲを確実に捉え、一度で剃りきる。 ●人工知能テクノロジー。 ・毎秒13回のスピードでヒゲの濃さを読み取り、自動対応でパワーを調節。一人ひとりの肌に合ったシェービングを達成します。 ●音波振動テクノロジー。 ・毎分1万回の振動が肌を震わせ、一度により多くのヒゲを1ストロークでとらえる。肌に余分な負担をかけず、効率的に深剃りします。 ●密着3Dヘッド。 ・刃がしっかり浮き沈みし、肌への押しつけを和らげ、しっかり肌の凹凸にも密着。また、ヘッドが前後40°に動くことで、顔のあらゆる凹凸にも密着します。 ●ディープキャッチ網刃TM:900種類の網目でどんなヒゲも深剃り ・900パターンの網目が、様々な向きに生えるヒゲをヘッド全体で根元からとらえます。 ●コンフォート内刃:肌を傷めず根元からカット ・鋭角内刃の刃先を2ミクロン内側にカット。刃が肌に触れる面積が少なく、肌を傷めず1ストロークでヒゲを剃り落とす。 メーカー商品詳細ページはこちら / 理美容・健康・マッサージチェア・シャワーヘッド シェーバー・バリカン他 シェーバー 4枚刃シェーバー / 家電 ●刃の枚数:4枚刃 ●電源:充電式 ●便利_電圧切替可(海外利用可):100~240V ●急速充電時間:60分 ●寸法:W6.6×H16.8×D4.4cm ●質量:約215g,https://www.edion.com/detail.html?p_cd=00083590245,https://www.edion.com/ito/product/9933/04987176359933/300x300/4987176359933_1.jpg,in_stock,39800,new,ブラウン,4987176359933,美容・健康 > 衛生日用品 > シェービング・脱毛 > シェーバー・替刃,理美容・健康・マッサージチェア・シャワーヘッド > シェーバー・バリカン他 > シェーバー > 4枚刃シェーバー
4560459071519,radiant シルクプロヘアアイロン(28mm) radiant LM125R,シルクプレート。 ●シルクプレートストレートアイロン28mmタイプ。 ●シルクプレート採用のヘアアイロンが髪を熱から守ります。パサつかないアイロンスタイリングが楽しめます。 ●シルクプレート機能で毛髪の摩擦によるダメージやストレスを大幅に軽減。 ●テフロン系シートにより、金属焼けが少なく毛髪に大切な水分の蒸発を軽減。 ●アイロンの温度が220℃に到達するまでの所要時間がなんと約30秒。 メーカー商品詳細ページはこちら / 理美容・健康・マッサージチェア・シャワーヘッド ヘアケア・ヘッドスパ ヘアアイロン ストレートヘアアイロン / 家電 ●ストレート:○ ●最高温度:220℃ ●温度調節:130~220℃ ●電圧切替(海外利用可):× ●消費電力:48W ●プレートサイズ:28×100mm ●寸法:W28.8×H38.5×D6.2cm ●質量:390g,https://www.edion.com/detail.html?p_cd=00075993481,https://www.edion.com/ito/product/1519/04560459071519/300x300/4560459071519_1.jpg,in_stock,20000,new,radiant,4560459071519,美容・健康 > 衛生日用品 > ヘアケア用品 > ヘアスタイリング道具,理美容・健康・マッサージチェア・シャワーヘッド > ヘアケア・ヘッドスパ > ヘアアイロン > ストレートヘアアイロン
4967576618946,アイリスオーヤマ イオンドライヤー オフホワイト HDR-M101-W,●大風量2.0m3/分で、忙しい朝も疲れた夜もサッと乾かせます。 ※TURBO時・ノズルなし(アイリスオーヤマ社調べ)。 ●マイナスイオン搭載で、髪がまとまる髪に優しいイオンドライヤーです。 ※使用環境(季節・温度など)や個人差により効果は異なります。 ●3モード搭載(TURBO・SET・COOL)で、用途に合わせて使い分けられます。 ●髪をセットする時に便利なノズルを付属、取り付けると風の向きをしぼって当てることができます。 ●折りたたみ式で、収納や持ち運びにも便利です。 ●4カラー展開のため、お好みに合わせてお選びいただけます。 ●※画像はイメージです。 メーカー商品詳細ページはこちら / 理美容・健康・マッサージチェア・シャワーヘッド ヘアケア・ヘッドスパ ヘアドライヤー / 家電 ●モード切替:TURBO、SET、COOL ●風量:2.0m3/分 ●マイナスイオン:○ ●ナノイオン:× ●ヘアケア(低温):○ ●静音タイプ:× ●電圧切替(海外利用可):× ●電源:AC100V、50/60Hz ●消費電力:1200W(TURBO) ●電源コード長さ:約1.8m ●寸法:約W13.7×H21.4×D7.6cm(本体のみ、電源コード除く) ●質量:約485g(本体のみ) ●付属品:ノズル,https://www.edion.com/detail.html?p_cd=00073177517,https://www.edion.com/ito/product/8946/04967576618946/300x300/4967576618946_1.jpg,in_stock,4418,new,アイリスオーヤマ,4967576618946,美容・健康 > 衛生日用品 > ヘアケア用品 > ヘアスタイリング道具 > ヘアドライヤー,理美容・健康・マッサージチェア・シャワーヘッド > ヘアケア・ヘッドスパ > ヘアドライヤー
4550556183383,シャープ ディンプルフロードライヤー (ブラック色)アッシュブラック IB-P300-B,速乾ディンプルフロー。 ●速乾ディンプルフロー ・高風圧に導く「速乾ディンプルノズル」×自然から着想を得た「アマツバメファン」を搭載。コンパクトなボディでも風量4.8m3/分を実現。 ●さらさらマイナスイオン マイナスイオンでキューティクルを保護し自然なさらさら質感へ導きます ●信頼性こだわり設計 10万回以上の屈曲試験をクリアした 「二重被覆コード」と「コードプロテクター」で断線故障を抑制。 ・日常使用を想定したハンドル屈曲の耐久試験済み。 / 理美容・健康・マッサージチェア・シャワーヘッド ヘアケア・ヘッドスパ ヘアドライヤー / 家電 ●モード切替:TURBO/SET/COLD ●風量:約4.8m3/分(TURBO運転時) ●マイナスイオン:〇 ●消費電力:1200W(TURBO運転時) ●寸法:W7.4×H19.7×D15.1cm ●質量:約485g,https://www.edion.com/detail.html?p_cd=00083532764,https://www.edion.com/ito/product/3383/04550556183383/300x300/4550556183383_1.jpg,in_stock,8890,new,シャープ,4550556183383,美容・健康 > 衛生日用品 > ヘアケア用品 > ヘアスタイリング道具 > ヘアドライヤー,理美容・健康・マッサージチェア・シャワーヘッド > ヘアケア・ヘッドスパ > ヘアドライヤー
4571607695150,SALONIA スピーディーイオンドライヤー ミスティグリーン SAL25219MG,2026年春夏 台数限定カラー。 ●スピーディー乾燥。2.3m2/min ※大風量。より強い風で速乾を実現。※ノズル装着TURBO時 ※SALONIA社測定による ●髪に嬉しいマイナスイオン機能を搭載。 ●折りたたみ式なので、コンパクトで収納や持ち運びなどにも便利。 メーカー商品詳細ページはこちら / 理美容・健康・マッサージチェア・シャワーヘッド ヘアケア・ヘッドスパ ヘアドライヤー / 家電 ●モード切替:TURBO、SET、COOL ●温風温度:約80℃(TURBO・室温30℃・ノズル装着なし)、約103℃ (TURBO・室温30℃・ノズル装着時) ●風量:2.3m2/分(TURBO時) ●マイナスイオン:〇 ●ヘアケア(低温):〇 ●電源:AC100V 50/60Hz ●コード長:約1.7m ●定格消費電力:1200W (TURBO時) ●寸法:W20.2×H19.9×D7.5cm(使用時、ノズル装着時)、W20.2×H13.1×D7.5cm(折りたたみ時、ノズル装着時) ●質量:495g,https://www.edion.com/detail.html?p_cd=00085418394,https://www.edion.com/ito/product/5150/04571607695150/300x300/4571607695150_1.jpg,in_stock,4750,new,SALONIA,4571607695150,美容・健康 > 衛生日用品 > ヘアケア用品 > ヘアスタイリング道具 > ヘアドライヤー,理美容・健康・マッサージチェア・シャワーヘッド > ヘアケア・ヘッドスパ > ヘアドライヤー
4987176180254,ブラウン 3枚刃シェーバー e angle select シリーズ5 ミント 52-M7500CC,●一般の市販モデル(型番:52-B7200cc)をベースに仕様変更・追加したオリジナルモデル! 【オリジナル仕様】 ●オリジナルカラー。 【その他おすすめ仕様】 ●3連密着ブレード:独自の浮き沈みする刃で、肌の凹凸にも密着し、深剃り。 「ターボモード」へのモード切替でよりニーズに沿ったシェービングを実現。 ●人工知能テクノロジー:ヒゲの濃さを読み取り毎秒13回自動でパワーを調節。 ●クイック洗浄システム:ノズルの開閉、電源オン不要で簡単に髭くず洗浄。 ●ディープキャッチ網刃:最高峰モデルにも搭載される刃で、あらゆるひげをカット。 / 理美容・健康・マッサージチェア・シャワーヘッド シェーバー・バリカン他 シェーバー 3枚刃シェーバー / 家電 ●刃の枚数:3枚刃 ●電源方式:充電式 ●電源:AC100-240V ●充電時間:約1時間 ●使用日数:約16日間(1日1回3分として) ●寸法:W6.4×H16.6×D5.1cm ●質量:約173g ●製品内容:本体、クリーン&チャージシステム(洗浄器)、洗浄液カートリッジ1個、ヒゲトリマーアタッチメント、網刃保護キャップ、ブラシ、充電コード,https://www.edion.com/detail.html?p_cd=00077678782,https://www.edion.com/ito/product/0254/04987176180254/300x300/4987176180254_1.jpg,in_stock,12800,new,ブラウン,4987176180254,美容・健康 > 衛生日用品 > シェービング・脱毛 > シェーバー・替刃,理美容・健康・マッサージチェア・シャワーヘッド > シェーバー・バリカン他 > シェーバー > 3枚刃シェーバー
4571607695167,SALONIA スピーディーイオンドライヤー ミスティピンク SAL25219MP,2026年春夏 台数限定カラー。 ●スピーディー乾燥。2.3m2/min ※大風量。より強い風で速乾を実現。※ノズル装着TURBO時 ※SALONIA社測定による ●髪に嬉しいマイナスイオン機能を搭載。 ●折りたたみ式なので、コンパクトで収納や持ち運びなどにも便利。 メーカー商品詳細ページはこちら / 理美容・健康・マッサージチェア・シャワーヘッド ヘアケア・ヘッドスパ ヘアドライヤー / 家電 ●モード切替:TURBO、SET、COOL ●温風温度:約80℃(TURBO・室温30℃・ノズル装着なし)、約103℃ (TURBO・室温30℃・ノズル装着時) ●風量:2.3m2/分(TURBO時) ●マイナスイオン:〇 ●ヘアケア(低温):〇 ●電源:AC100V 50/60Hz ●コード長:約1.7m ●定格消費電力:1200W (TURBO時) ●寸法:W20.2×H19.9×D7.5cm(使用時、ノズル装着時)、W20.2×H13.1×D7.5cm(折りたたみ時、ノズル装着時) ●質量:495g,https://www.edion.com/detail.html?p_cd=00085418387,https://www.edion.com/ito/product/5167/04571607695167/300x300/4571607695167_1.jpg,in_stock,4280,new,SALONIA,4571607695167,美容・健康 > 衛生日用品 > ヘアケア用品 > ヘアスタイリング道具 > ヘアドライヤー,理美容・健康・マッサージチェア・シャワーヘッド > ヘアケア・ヘッドスパ > ヘアドライヤー
4582521688005,SALONIA スムースシャインドライヤー ブラック SAL23209-BK,その風、速乾シルク髪。 ●大風量2.4m3/min※1の大風量で速乾。熱によるダメージを軽減。(※1 風強時/ SALONIA社測定による) ●マイナスイオン量120%(SL-013比較)傷んだ髪の毛をイオンコーティングしながらケア。 ●ケアできる2モード搭載。髪の表面が整う温冷自動切り替えモードと頭皮や肌に優しい温度のSKINモード。 ●選べる風量。全てのモードで風量調整可能。スタイリングもドライも簡単に。 ●回転式折りたたみのハンドルで コンパクトに収納が可能。 ●セット用ノズルとドライ用ノズル2種類付き。 / 理美容・健康・マッサージチェア・シャワーヘッド ヘアケア・ヘッドスパ ヘアドライヤー / 家電 ●温風温度:[HOTモード時]約75℃(風強/室温30℃/ノズルなし) ●風量2.4m3/分(風量【強】の時) ●搭載モード:8モード(HOT、GLOSS、SKIN、COOL)×強弱風量調整 ●電源:AC100V 50-60Hz ●消費電力:1200W(HOT・風強時) ●電源コード長さ:約1.7m ●寸法:W15.6×H22.5×D7.7cm ●質量:約493g ●付属品:セットノズル、速乾ブーストノズル,https://www.edion.com/detail.html?p_cd=00078929708,https://www.edion.com/ito/product/8005/04582521688005/300x300/4582521688005_1.jpg,in_stock,13200,new,SALONIA,4582521688005,美容・健康 > 衛生日用品 > ヘアケア用品 > ヘアスタイリング道具 > ヘアドライヤー,理美容・健康・マッサージチェア・シャワーヘッド > ヘアケア・ヘッドスパ > ヘアドライヤー
4975302126214,テスコム プロフェッショナルプロテクトイオンヘアードライヤー Nobby by TESCOM ホワイトアッシュ NIB400A-W,毎日をサロン髪へ。本格志向のシンプル軽量モデル。 ●風速UP!新しくなったモーター&構造設計。 美容師さんから愛されて50年。全国のサロンで使用されているNobbyの最軽量モデルをベースに開発したヘアードライヤー。 新型モーター&新設計で従来機種に比べて風速約34%UP。 ●サロン仕上げのツヤ髪をつくるプロテクトイオン。 マイナスイオンとプラスイオンを同時に放出。 それぞれのイオンが髪に働いて、髪の広がりの一因となる静電気を抑制。また、髪のツヤもUP。 ●毎日使うからこそ小型化&軽量化。 従来機種NIB300Aより約22%小型化。さらに約19%軽くなりました。持ちやすいから乾かしやすい。 ●使う人の目線でのシンプル設計。 シンプルだからこそ、ユーザビリティにこだわって開発。 サロンヒアリングを活かした握りやすいグリップ。ワンタッチのクールショットスイッチ。 ●プロのブローテクニックを再現しやすいセットフード(ブロータイプ)。 細口フードで髪を根元から乾かします。また両端にブラシを引っかけることで、プロのような均一なブローを再現できます。 ●簡単お掃除でドライヤー長持ち高性能フィルター。 ●レバーを押すだけラク抜きプラグ。 ●安心の2年保証。 メーカー商品詳細ページはこちら / 理美容・健康・マッサージチェア・シャワーヘッド ヘアケア・ヘッドスパ ヘアドライヤー / 家電 ●風量切替:OFF、SET、DRY、クールショットスイッチ/OFF、ON ●風量:1.1m3/分 ●マイナスイオン:○ ●ヘアケア(低温):○ ●電源:AC100V 50/60Hz ●消費電力:1200W ●寸法:W20.5×H19.4×8.2cm(本体のみ) ●質量:425g(本体のみ) ●付属品:セットフード(ブロータイプ),https://www.edion.com/detail.html?p_cd=00076549571,https://www.edion.com/ito/product/6214/04975302126214/300x300/4975302126214_1.jpg,in_stock,15400,new,テスコム,4975302126214,美容・健康 > 衛生日用品 > ヘアケア用品 > ヘアスタイリング道具 > ヘアドライヤー,理美容・健康・マッサージチェア・シャワーヘッド > ヘアケア・ヘッドスパ > ヘアドライヤー
4550719001455,パナソニック ヘアードライヤー イオニティ アッシュグリーン EH-NE5N-G,●速乾・大風量でパワフルドライ。 ●髪をいたわる低温ケアモード。 ●マイナスイオンを熱から守り、髪にしっかり届ける外付けマイナスイオン吹出口。マイナスイオンが髪表面をコートしてさらさらな髪に。髪の静電気も抑制。 メーカー商品詳細ページはこちら / 理美容・健康・マッサージチェア・シャワーヘッド ヘアケア・ヘッドスパ ヘアドライヤー / 家電 ●モード切替:TURBO、CARE、COLD ●風量:1.6m3/分(吹出口風量) ●マイナスイオン:〇 ●ヘアケア(低温):〇 ●消費電力:1200W ●寸法:W18.4×H21.6×D8.5cm ●質量:545g,https://www.edion.com/detail.html?p_cd=00083479694,https://www.edion.com/ito/product/1455/04550719001455/300x300/4550719001455_1.jpg,in_stock,6980,new,パナソニック,4550719001455,美容・健康 > 衛生日用品 > ヘアケア用品 > ヘアスタイリング道具 > ヘアドライヤー,理美容・健康・マッサージチェア・シャワーヘッド > ヘアケア・ヘッドスパ > ヘアドライヤー
4975302157034,テスコム プロテクトイオン ヘアドライヤー ホワイト TD570AW,"""●大風量×大風圧×ハイパワーのベストバランスを追及することで、”速乾”を実現しています。 ●シリーズ史上最軽量 約455g(セットフード付)。従来機種からサイズは約11%小型化※3、質量は約8%※3軽量化を実現し、ロングヘアや毛量の多い方でも疲れにくく快適なドライを提供します。※3:従来機種 TID2400Bと体積、質量比較。テスコム社測定法による。 ●風量3段階からお好みの風を設定できます。また、クールショットスイッチ搭載で、冷風/温風をワンタッチで切り替えられます。 ●マイナスイオンとプラスイオンを同時に放出し、それぞれのイオン※3が髪に働いて、髪の広がりや傷みの一因となる静電気を抑制します。また、髪のツヤもアップ※4します。※3:放出イオン量 約1,000万個/cm3以上※4:テスコム社測定法/テスコム社比較検証法による。 ●1965年の創業以来、テスコムが製造・開発してきた業務用ドライヤーNobbyは、高い性能からサロンシェアNo.1※1を獲得。テスコムの家庭用ドライヤーには、その技術力が生かされています。※1:テスコムのサロン専用ブランド「Nobby(ノビー)」はヘアサロンドライヤーシェアNo.1です。 (2022年2-3月 株式会社セイファート調べ) ●お手入れしやすいインレット構造です。 ※5大風量を維持するために必要な、吸い込み口のお掃除。ほこりや髪の毛をさっと取り除くことが可能です。※5:インレットのお手入れは、掃除機で吸うか、よく絞ったタオル等でふき取ってください ●ラク抜きプラグを採用。レバーを押すだけでコンセントから簡単に抜けます。 メーカー商品詳細ページはこちら / 理美容・健康・マッサージチェア・シャワーヘッド ヘアケア・ヘッドスパ ヘアドライヤー / 家電 ●モード切替:TURBO、DRY、SET、クールショットスイッチ ●風量:2.3m3/分(TURBO時) ●温風温度:100℃(周囲温度30℃の場合。DRY時) ●搭載イオン:プロテクトイオン ●電圧切替(海外利用可):× ●消費電力:1300W ●電源:AC100V 50/60Hz ●寸法:W16.5×H21.5×D7.7cm(本体のみ)、W21.0×H21.5×D7.7cm(フード付き) ●質量:435g(本体のみ)、455g (フード付き) ●付属品:セットフード""",https://www.edion.com/detail.html?p_cd=00078022874,https://www.edion.com/ito/product/7034/04975302157034/300x300/4975302157034_1.jpg,in_stock,6980,new,テスコム,4975302157034,美容・健康 > 衛生日用品 > ヘアケア用品 > ヘアスタイリング道具 > ヘアドライヤー,理美容・健康・マッサージチェア・シャワーヘッド > ヘアケア・ヘッドスパ > ヘアドライヤー
4975302156020,テスコム プロテクトイオン ヘアドライヤー グレージュ TD560AC,"""●パワーのある大風量2.0m3/分※1の風と、スピードアップフードで、ロングヘアや毛量の多い方でもすばやく乾かします。※1:TURBO時。JIS規格測定法による。 ●操作しやすい3段階の切替スイッチ構造。 すばやく乾かしたいときは「HOT」モード、髪ダメージが気になるときは「CARE」モード、ドライの仕上げに「COOL」モードと、髪の状態やお好みの風温に合わせてモードの切り替えが可能です。 ●マイナスイオンとプラスイオンを同時に放出し、それぞれのイオン※2が髪に働いて、髪の広がりや傷みの一因となる静電気を抑制します。また、髪のツヤもアップします。※2:放出イオン量 約1,000万個/cm3以上。 ●従来機種※3より軽量化を実現。500mlペットボトルよりも軽く、疲れにくい重量バランスを考えたデザインで、毎日のドライがラクに。※3:従来機種TD550Aと質量比較。テスコム社測定法による。 ●内フードが集風して風速UP※4。ロングヘアでも髪を根元から乾かします。※4:テスコム社測定方法による(スピードアップフード無しとの比較)。 ●ラク抜きプラグを採用、 レバーを押すだけでコンセントから簡単に抜けます。 ●掃除のしやすいインレット※5で簡単に掃除ができて、いつでもキレイで清潔に保てます。※5:インレットのお手入れは、掃除機で吸うか、よく絞ったタオル等で拭き取ってください。 メーカー商品詳細ページはこちら / 理美容・健康・マッサージチェア・シャワーヘッド ヘアケア・ヘッドスパ ヘアドライヤー / 家電 ●モード切替:TURBO、DRY、SET、HOT、CARE、COOL ●風量:2.0m3/分(TURBO時) ●温風温度:110℃(周囲温度30℃の場合。DRY-HOT時) ●搭載イオン:プロテクトイオン ●電圧切替(海外利用可):× ●消費電力:1200W ●電源:AC100V 50/60Hz ●寸法:W17.2×H21.1×D8.2cm(本体のみ)、W21.0×H21.1×D8.2cm(フード付き) ●質量:460g(本体のみ)、480g (フード付き) ●付属品:スピードアップフード""",https://www.edion.com/detail.html?p_cd=00078022881,https://www.edion.com/ito/product/6020/04975302156020/300x300/4975302156020_1.jpg,in_stock,5580,new,テスコム,4975302156020,美容・健康 > 衛生日用品 > ヘアケア用品 > ヘアスタイリング道具 > ヘアドライヤー,理美容・健康・マッサージチェア・シャワーヘッド > ヘアケア・ヘッドスパ > ヘアドライヤー
4549980880487,パナソニック ヘアドライヤー イオニティ ダークグレー EH-NE2K-H,●コンパクトでも風量1.3m3/分。 ●速乾ノズルでスピーディーに乾燥。 ●マイナスイオンに含まれる水分を熱から守り、髪にしっかり届ける。 メーカー商品詳細ページはこちら / 理美容・健康・マッサージチェア・シャワーヘッド ヘアケア・ヘッドスパ ヘアドライヤー / 家電 ●電源方式:交流式 ●温風温度:約110℃(ターボ時) ●風量:1.3m3/分(TURBO時、ノズル装着なしの時) ●モード切替:ターボ、セット、冷 ●マイナスイオン:〇 ●電源:AC100V 50-60Hz ●消費電力:1200W(ターボ時) ●電源コード長さ:約1.6m ●寸法:W17.2×H20.8×D7.9cm ●質量:約420g,https://www.edion.com/detail.html?p_cd=00080788768,https://www.edion.com/ito/product/0487/04549980880487/300x300/4549980880487_1.jpg,in_stock,3325,new,パナソニック,4549980880487,美容・健康 > 衛生日用品 > ヘアケア用品 > ヘアスタイリング道具 > ヘアドライヤー,理美容・健康・マッサージチェア・シャワーヘッド > ヘアケア・ヘッドスパ > ヘアドライヤー
8710103996583,フィリップス 3枚刃シェーバー SHAVER SERIES 9000 S9985/50,世界初、過圧防止センサー。 ●世界初、過圧防止センサー搭載(肌への当てすぎを光の色でお知らせ)。 ●360-D フレックスヘッド。 ●ヒゲ密度感知システム。 ●マイクロビーズコーティングで肌への負担を低減。 ●シェービング動作検知センサー(アプリ連動)。 ●デュアルスティールプレシジョン刃。 ●スーパーリフト&カット。 メーカー商品詳細ページはこちら / 理美容・健康・マッサージチェア・シャワーヘッド シェーバー・バリカン他 シェーバー 回転刃シェーバー / 家電 ●刃の枚数:3枚刃 ●電源方式:充電式 ●電源:AC100-240V 50/60Hz(海外電圧対応) ●充電時間:1時間 ●使用回数・時間(1日1回3分として):約20回(約60分) ●寸法:約W6.5×H18.0×D7.0cm ●質量:約226g ●付属品:電源アダプタ、クイッククリーンポッド、クイッククリーンポッドカートリッジ、収納ケース、クリーニングブラシ、延長保証リーフレット、取扱説明書、グローバル保証書,https://www.edion.com/detail.html?p_cd=00070247152,https://www.edion.com/ito/product/6583/08710103996583/300x300/8710103996583_1.jpg,in_stock,29800,new,フィリップス,8710103996583,美容・健康 > 衛生日用品 > シェービング・脱毛 > シェーバー・替刃,理美容・健康・マッサージチェア・シャワーヘッド > シェーバー・バリカン他 > シェーバー > 回転刃シェーバー
4571607695143,SALONIA ストレートヘアアイロン(24mm) ミスティグリーン SAL25122MG,2026年春夏 台数限定カラー。 ●【セラミックコーティング】引っかかりにくい滑らかな仕様で、アレンジをスムーズに行うことができます。 ●ダブルマイナスイオン噴射口付き。 ●約30分後に自動でオフ、オートパワーオフ機能。 ●専用ポーチ付き。持ち運び、収納に便利な専用ポーチ付きです。※耐熱温度150℃ ●【360度回転コード】使用中のコードのもつれや絡まりを防ぎます。 ●【海外対応】100V~240V対応です。対応電圧内の国では変圧器なしでご利用いただけます。※変換プラグ、変換アダプターは別途必要となります。ィング】引っかかりにくい滑らかな仕様で、アレンジをスムーズに行うことができます。 メーカー商品詳細ページはこちら / 理美容・健康・マッサージチェア・シャワーヘッド ヘアケア・ヘッドスパ ヘアアイロン ストレートヘアアイロン / 家電 ●最高温度:230℃ ●温度調節:120℃~230℃(5℃刻み) ●ストレート:〇 ●電圧切替(海外利用可):〇 ●電源:AC100V~240V ●消費電力:(50/60Hz)40W ●寸法:本体/W3.0×H28.3×D3.5cm ●質量:約305g,https://www.edion.com/detail.html?p_cd=00085418417,https://www.edion.com/ito/product/5143/04571607695143/300x300/4571607695143_1.jpg,in_stock,3070,new,SALONIA,4571607695143,美容・健康 > 衛生日用品 > ヘアケア用品 > ヘアスタイリング道具,理美容・健康・マッサージチェア・シャワーヘッド > ヘアケア・ヘッドスパ > ヘアアイロン > ストレートヘアアイロン
4582521687992,SALONIA スムースシャインドライヤー グレー SAL23209-GR,その風、速乾シルク髪。 ●大風量2.4m3/min※1の大風量で速乾。熱によるダメージを軽減。(※1 風強時/ SALONIA社測定による) ●マイナスイオン量120%(SL-013比較)傷んだ髪の毛をイオンコーティングしながらケア。 ●ケアできる2モード搭載。髪の表面が整う温冷自動切り替えモードと頭皮や肌に優しい温度のSKINモード。 ●選べる風量。全てのモードで風量調整可能。スタイリングもドライも簡単に。 ●回転式折りたたみのハンドルで コンパクトに収納が可能。 ●セット用ノズルとドライ用ノズル2種類付き。 / 理美容・健康・マッサージチェア・シャワーヘッド ヘアケア・ヘッドスパ ヘアドライヤー / 家電 ●温風温度:[HOTモード時]約75℃(風強/室温30℃/ノズルなし) ●風量2.4m3/分(風量【強】の時) ●搭載モード:8モード(HOT、GLOSS、SKIN、COOL)×強弱風量調整 ●電源:AC100V 50-60Hz ●消費電力:1200W(HOT・風強時) ●電源コード長さ:約1.7m ●寸法:W15.6×H22.5×D7.7cm ●質量:約493g ●付属品:セットノズル、速乾ブーストノズル,https://www.edion.com/detail.html?p_cd=00078929715,https://www.edion.com/ito/product/7992/04582521687992/300x300/4582521687992_1.jpg,in_stock,13200,new,SALONIA,4582521687992,美容・健康 > 衛生日用品 > ヘアケア用品 > ヘアスタイリング道具 > ヘアドライヤー,理美容・健康・マッサージチェア・シャワーヘッド > ヘアケア・ヘッドスパ > ヘアドライヤー
4904785191884,タニタ 体組成計 ホワイト BC-773-WH,操作いらずの乗るピタプラス搭載。 ●立ったままでも見やすい文字高30mmの大型表示画面。 ●日本製。 メーカー商品詳細ページはこちら / 理美容・健康・マッサージチェア・シャワーヘッド ヘルスケア 体組成計・体重計 体組成計 / 家電 ●登録人数:5人+ゲストモード ●体重:最大150kg(目量最小0~100kg 迄 100g単位/100~150kg 迄 200g単位) ●体脂肪率(判定付) ●BMI ●筋肉量 ●内臓脂肪レベル(判定付) ●基礎代謝量(判定付) ●体内年齢 ・過去データ(前回値) ●使用電池:単3乾電池×4本 ●寸法:W27.8×H3.6×D28.5cm ●質量:約1.2kg(乾電池含む),https://www.edion.com/detail.html?p_cd=00080052746,https://www.edion.com/ito/product/1884/04904785191884/300x300/4904785191884_1.jpg,in_stock,3905,new,タニタ,4904785191884,美容・健康 > ヘルスケア > 医療用測定器 > 医療用体温計,理美容・健康・マッサージチェア・シャワーヘッド > ヘルスケア > 体組成計・体重計 > 体組成計
4571607690865,SALONIA ストレートヘアアイロン メロウクリームイエロー SAL24004-MY,2025年春夏 台数限定カラー。 ●【セラミックコーティング】引っかかりにくい滑らかな仕様で、アレンジをスムーズに行うことができます。 ●ダブルマイナスイオン噴射口付き。 ●約30分後に自動でオフ、オートパワーオフ機能。 ●専用ポーチ付き。持ち運び、収納に便利な専用ポーチ付きです。※耐熱温度150℃ ●【360度回転コード】使用中のコードのもつれや絡まりを防ぎます。 ●【海外対応】100V~240V対応です。対応電圧内の国では変圧器なしでご利用いただけます。※変換プラグ、変換アダプターは別途必要となります。ィング】引っかかりにくい滑らかな仕様で、アレンジをスムーズに行うことができます。 メーカー商品詳細ページはこちら / 理美容・健康・マッサージチェア・シャワーヘッド ヘアケア・ヘッドスパ ヘアアイロン ストレートヘアアイロン / 家電 ●ストレート:〇 ●最高温度:230℃ ●温度調節:120℃~230℃ (5℃刻み) ●電圧切替(海外利用可):〇 ●電源:AC100V~240V ●消費電力:40W(50/60Hz) ●寸法:W3.0×H28.3×D3.5cm ●質量:305g,https://www.edion.com/detail.html?p_cd=00081424184,https://www.edion.com/ito/product/0865/04571607690865/300x300/4571607690865_1.jpg,in_stock,2970,new,SALONIA,4571607690865,美容・健康 > 衛生日用品 > ヘアケア用品 > ヘアスタイリング道具,理美容・健康・マッサージチェア・シャワーヘッド > ヘアケア・ヘッドスパ > ヘアアイロン > ストレートヘアアイロン
4582267399906,SALONIA スピーディーイオンドライヤー ホワイト SL-013WH,【在庫状況:お取り寄せの場合】メーカー欠品中につき、次回の納期は未定となっております。大風量で速乾。 ●スピーディー乾燥。2.3m2/min ※大風量。より強い風で速乾を実現。※ノズル装着TURBO時 ※SALONIA社測定による ●髪に嬉しいマイナスイオン機能を搭載。 ●折りたたみ式なので、コンパクトで収納や持ち運びなどにも便利。 メーカー商品詳細ページはこちら / 理美容・健康・マッサージチェア・シャワーヘッド ヘアケア・ヘッドスパ ヘアドライヤー / 家電 ●モード切替:TURBO、SET、COOL ●電源:AC100V 50/60Hz ●温風温度:約80℃(TURBO・室温30℃・ノズル装着なし)、約103℃ (TURBO・室温30℃・ノズル装着時) ●定格消費電力:1200W(TURBO時) ●コード長:約1.7m ●寸法:W20.2×H19.9×D7.5cm(使用時、ノズル装着時)、W20.2×H13.1×D7.5cm(折りたたみ時、ノズル装着時) ●質量:約495g(ノズル・コード込み),https://www.edion.com/detail.html?p_cd=00061754263,https://www.edion.com/ito/product/9906/04582267399906/300x300/4582267399906_1.jpg,in_stock,4275,new,SALONIA,4582267399906,美容・健康 > 衛生日用品 > ヘアケア用品 > ヘアスタイリング道具 > ヘアドライヤー,理美容・健康・マッサージチェア・シャワーヘッド > ヘアケア・ヘッドスパ > ヘアドライヤー
4582267399890,SALONIA スピーディーイオンドライヤー ブラック SL-013BK,大風量で速乾。 ●スピーディー乾燥。2.3m2/min ※大風量。より強い風で速乾を実現。※ノズル装着TURBO時 ※SALONIA社測定による ●髪に嬉しいマイナスイオン機能を搭載。 ●折りたたみ式なので、コンパクトで収納や持ち運びなどにも便利。 メーカー商品詳細ページはこちら / 理美容・健康・マッサージチェア・シャワーヘッド ヘアケア・ヘッドスパ ヘアドライヤー / 家電 ●モード切替:TURBO、SET、COOL ●電源:AC100V 50/60Hz ●温風温度:約80℃(TURBO・室温30℃・ノズル装着なし)、約103℃ (TURBO・室温30℃・ノズル装着時) ●定格消費電力:1200W(TURBO時) ●コード長:約1.7m ●寸法:W20.2×H19.9×D7.5cm(使用時、ノズル装着時)、W20.2×H13.1×D7.5cm(折りたたみ時、ノズル装着時) ●質量:約495g(ノズル・コード込み),https://www.edion.com/detail.html?p_cd=00061754256,https://www.edion.com/ito/product/9890/04582267399890/300x300/4582267399890_1.jpg,in_stock,4275,new,SALONIA,4582267399890,美容・健康 > 衛生日用品 > ヘアケア用品 > ヘアスタイリング道具 > ヘアドライヤー,理美容・健康・マッサージチェア・シャワーヘッド > ヘアケア・ヘッドスパ > ヘアドライヤー
4550556183390,シャープ ディンプルフロードライヤー (ホワイト系)ソフトホワイト IB-P300-W,速乾ディンプルフロー。 ●速乾ディンプルフロー ・高風圧に導く「速乾ディンプルノズル」×自然から着想を得た「アマツバメファン」を搭載。コンパクトなボディでも風量4.8m3/分を実現。 ●さらさらマイナスイオン マイナスイオンでキューティクルを保護し自然なさらさら質感へ導きます ●信頼性こだわり設計 10万回以上の屈曲試験をクリアした 「二重被覆コード」と「コードプロテクター」で断線故障を抑制。 ・日常使用を想定したハンドル屈曲の耐久試験済み。 / 理美容・健康・マッサージチェア・シャワーヘッド ヘアケア・ヘッドスパ ヘアドライヤー / 家電 ●モード切替:TURBO/SET/COLD ●風量:約4.8m3/分(TURBO運転時) ●マイナスイオン:〇 ●消費電力:1200W(TURBO運転時) ●寸法:W7.4×H19.7×D15.1cm ●質量:約485g,https://www.edion.com/detail.html?p_cd=00083532788,https://www.edion.com/ito/product/3390/04550556183390/300x300/4550556183390_1.jpg,in_stock,8092,new,シャープ,4550556183390,美容・健康 > 衛生日用品 > ヘアケア用品 > ヘアスタイリング道具 > ヘアドライヤー,理美容・健康・マッサージチェア・シャワーヘッド > ヘアケア・ヘッドスパ > ヘアドライヤー
4549980880494,パナソニック ヘアドライヤー イオニティ ホワイト EH-NE2K-W,●コンパクトでも風量1.3m3/分。 ●速乾ノズルでスピーディーに乾燥。 ●マイナスイオンに含まれる水分を熱から守り、髪にしっかり届ける。 メーカー商品詳細ページはこちら / 理美容・健康・マッサージチェア・シャワーヘッド ヘアケア・ヘッドスパ ヘアドライヤー / 家電 ●電源方式:交流式 ●温風温度:約110℃(ターボ時) ●風量:1.3m3/分(TURBO時、ノズル装着なしの時) ●モード切替:ターボ、セット、冷 ●マイナスイオン:〇 ●電源:AC100V 50-60Hz ●消費電力:1200W(ターボ時) ●電源コード長さ:約1.6m ●寸法:W17.2×H20.8×D7.9cm ●質量:約420g,https://www.edion.com/detail.html?p_cd=00080788775,https://www.edion.com/ito/product/0494/04549980880494/300x300/4549980880494_1.jpg,in_stock,3325,new,パナソニック,4549980880494,美容・健康 > 衛生日用品 > ヘアケア用品 > ヘアスタイリング道具 > ヘアドライヤー,理美容・健康・マッサージチェア・シャワーヘッド > ヘアケア・ヘッドスパ > ヘアドライヤー
4987176284006,ブラウン 4枚刃シェーバー シリーズ9 スポーツ+ アトリエブラック 9310S,多彩な刃の組み合わせであらゆるヒゲをとらえる独自の設計。 ●5カットシステム:多彩な刃の組み合わせであらゆるヒゲをとらえる独自の設計 ・異なる5つカットシステムが融合し、寝たヒゲやくせヒゲを確実に捉え、一度で剃りきる ●人工知能テクノロジー ・毎秒13回のスピードでヒゲの濃さを読み取り、自動対応でパワーを調節。一人ひとりの肌に合ったシェービングを達成します。 ●音波振動テクノロジー ・毎分1万回の振動が肌を震わせ、一度により多くのヒゲを1ストロークでとらえる。肌に余分な負担をかけず、効率的に深剃りします。 ●密着3Dヘッド ・刃がしっかり浮き沈みし、肌への押しつけを和らげ、しっかり肌の凹凸にも密着。また、ヘッドが前後40°に動くことで、顔のあらゆる凹凸にも密着します。 ●ディープキャッチ網刃TM:900種類の網目でどんなヒゲも深剃り ・900パターンの網目が、様々な向きに生えるヒゲをヘッド全体で根元からとらえます。 ●コンフォート内刃:肌を傷めず根元からカット ・鋭角内刃の刃先を2ミクロン内側にカット。刃が肌に触れる面積が少なく、肌を傷めず1ストロークでヒゲを剃り落とす。 メーカー商品詳細ページはこちら / 理美容・健康・マッサージチェア・シャワーヘッド シェーバー・バリカン他 シェーバー 4枚刃シェーバー / 家電 ●刃の枚数:4枚刃 ●電源方式:充電式 ●電源:AC100~240V ●充電時間:1時間 ●寸法:W6.6×H16.8×D4.4cm ●質量:約207g,https://www.edion.com/detail.html?p_cd=00080471455,https://www.edion.com/ito/product/4006/04987176284006/300x300/4987176284006_1.jpg,in_stock,39800,new,ブラウン,4987176284006,美容・健康 > 衛生日用品 > シェービング・脱毛 > シェーバー・替刃,理美容・健康・マッサージチェア・シャワーヘッド > シェーバー・バリカン他 > シェーバー > 4枚刃シェーバー
4975302157010,テスコム プロテクトイオン ヘアドライヤー ブラック TD570AK,"""●大風量×大風圧×ハイパワーのベストバランスを追及することで、”速乾”を実現しています。 ●シリーズ史上最軽量 約455g(セットフード付)。従来機種からサイズは約11%小型化※3、質量は約8%※3軽量化を実現し、ロングヘアや毛量の多い方でも疲れにくく快適なドライを提供します。※3:従来機種 TID2400Bと体積、質量比較。テスコム社測定法による。 ●風量3段階からお好みの風を設定できます。また、クールショットスイッチ搭載で、冷風/温風をワンタッチで切り替えられます。 ●マイナスイオンとプラスイオンを同時に放出し、それぞれのイオン※3が髪に働いて、髪の広がりや傷みの一因となる静電気を抑制します。また、髪のツヤもアップ※4します。※3:放出イオン量 約1,000万個/cm3以上※4:テスコム社測定法/テスコム社比較検証法による。 ●1965年の創業以来、テスコムが製造・開発してきた業務用ドライヤーNobbyは、高い性能からサロンシェアNo.1※1を獲得。テスコムの家庭用ドライヤーには、その技術力が生かされています。※1:テスコムのサロン専用ブランド「Nobby(ノビー)」はヘアサロンドライヤーシェアNo.1です。 (2022年2-3月 株式会社セイファート調べ) ●お手入れしやすいインレット構造です。 ※5大風量を維持するために必要な、吸い込み口のお掃除。ほこりや髪の毛をさっと取り除くことが可能です。※5:インレットのお手入れは、掃除機で吸うか、よく絞ったタオル等でふき取ってください ●ラク抜きプラグを採用。レバーを押すだけでコンセントから簡単に抜けます。 メーカー商品詳細ページはこちら / 理美容・健康・マッサージチェア・シャワーヘッド ヘアケア・ヘッドスパ ヘアドライヤー / 家電 ●モード切替:TURBO、DRY、SET、クールショットスイッチ ●風量:2.3m3/分(TURBO時) ●温風温度:100℃(周囲温度30℃の場合。DRY時) ●搭載イオン:プロテクトイオン ●電圧切替(海外利用可):× ●消費電力:1300W ●電源:AC100V 50/60Hz ●寸法:W16.5×H21.5×D7.7cm(本体のみ)、W21.0×H21.5×D7.7cm(フード付き) ●質量:435g(本体のみ)、455g (フード付き) ●付属品:セットフード""",https://www.edion.com/detail.html?p_cd=00078022850,https://www.edion.com/ito/product/7010/04975302157010/300x300/4975302157010_1.jpg,in_stock,6980,new,テスコム,4975302157010,美容・健康 > 衛生日用品 > ヘアケア用品 > ヘアスタイリング道具 > ヘアドライヤー,理美容・健康・マッサージチェア・シャワーヘッド > ヘアケア・ヘッドスパ > ヘアドライヤー
4987176180087,ブラウン 3枚刃シェーバー シリーズ7 ブラック 72-N1500S,忙しい朝も、素早く、剃り残しゼロへ。 ●360°密着システム:全方向に動くヘッドで、あご下にもしっかり密着し、深剃り! ●「ターボモード」「ジェントルモード」へのモード切替でよりニーズに沿ったシェービングを実現! ●人工知能テクノロジー:ヒゲの濃さを読み取り毎秒13回自動でパワーを調節。 ●3連密着ブレード:独自の浮き沈みする刃で、肌の凹凸にも密着し、深剃り! ●ディープキャッチ網刃:最高峰モデルにも搭載される刃で、あらゆるひげをカット。 / 理美容・健康・マッサージチェア・シャワーヘッド シェーバー・バリカン他 シェーバー 3枚刃シェーバー / 家電 ●刃の枚数:3枚刃 ●電源方式:充電式 ●電源:AC100-240V ●充電時間:約1時間 ●使用日数:約16日間(1日1回3分として) ●寸法:W6.4×H16.6×D5.1cm ●質量:約185g ●付属品:ヒゲトリマーアタッチメント、網刃保護キャップ、ブラシ、専用コード,https://www.edion.com/detail.html?p_cd=00077678720,https://www.edion.com/ito/product/0087/04987176180087/300x300/4987176180087_1.jpg,in_stock,16800,new,ブラウン,4987176180087,美容・健康 > 衛生日用品 > シェービング・脱毛 > シェーバー・替刃,理美容・健康・マッサージチェア・シャワーヘッド > シェーバー・バリカン他 > シェーバー > 3枚刃シェーバー
4550719001448,パナソニック ヘアードライヤー イオニティ ダークグレー EH-NE5N-H,●速乾・大風量でパワフルドライ。 ●髪をいたわる低温ケアモード。 ●マイナスイオンを熱から守り、髪にしっかり届ける外付けマイナスイオン吹出口。マイナスイオンが髪表面をコートしてさらさらな髪に。髪の静電気も抑制。 メーカー商品詳細ページはこちら / 理美容・健康・マッサージチェア・シャワーヘッド ヘアケア・ヘッドスパ ヘアドライヤー / 家電 ●モード切替:TURBO、CARE、COLD ●風量:1.6m3/分(吹出口風量) ●マイナスイオン:〇 ●ヘアケア(低温):〇 ●消費電力:1200W ●寸法:W18.4×H21.6×D8.5cm ●質量:約545g,https://www.edion.com/detail.html?p_cd=00083479670,https://www.edion.com/ito/product/1448/04550719001448/300x300/4550719001448_1.jpg,in_stock,6980,new,パナソニック,4550719001448,美容・健康 > 衛生日用品 > ヘアケア用品 > ヘアスタイリング道具 > ヘアドライヤー,理美容・健康・マッサージチェア・シャワーヘッド > ヘアケア・ヘッドスパ > ヘアドライヤー
4975302126221,テスコム プロフェッショナルプロテクトイオンヘアードライヤー Nobby by TESCOM スモーキーグレー NIB400A-H,毎日をサロン髪へ。本格志向のシンプル軽量モデル。 ●風速UP!新しくなったモーター&構造設計。 美容師さんから愛されて50年。全国のサロンで使用されているNobbyの最軽量モデルをベースに開発したヘアードライヤー。 新型モーター&新設計で従来機種に比べて風速約34%UP。 ●サロン仕上げのツヤ髪をつくるプロテクトイオン。 マイナスイオンとプラスイオンを同時に放出。 それぞれのイオンが髪に働いて、髪の広がりの一因となる静電気を抑制。また、髪のツヤもUP。 ●毎日使うからこそ小型化&軽量化。 従来機種NIB300Aより約22%小型化。さらに約19%軽くなりました。持ちやすいから乾かしやすい。 ●使う人の目線でのシンプル設計。 シンプルだからこそ、ユーザビリティにこだわって開発。 サロンヒアリングを活かした握りやすいグリップ。ワンタッチのクールショットスイッチ。 ●プロのブローテクニックを再現しやすいセットフード(ブロータイプ)。 細口フードで髪を根元から乾かします。また両端にブラシを引っかけることで、プロのような均一なブローを再現できます。 ●簡単お掃除でドライヤー長持ち高性能フィルター。 ●レバーを押すだけラク抜きプラグ。 ●安心の2年保証。 メーカー商品詳細ページはこちら / 理美容・健康・マッサージチェア・シャワーヘッド ヘアケア・ヘッドスパ ヘアドライヤー / 家電 ●風量切替:OFF、SET、DRY、クールショットスイッチ/OFF、ON ●風量:1.1m3/分 ●マイナスイオン:○ ●ヘアケア(低温):○ ●電源:AC100V 50/60Hz ●消費電力:1200W ●寸法:W20.5×H19.4×8.2cm(本体のみ) ●質量:425g(本体のみ) ●付属品:セットフード(ブロータイプ),https://www.edion.com/detail.html?p_cd=00076549557,https://www.edion.com/ito/product/6221/04975302126221/300x300/4975302126221_1.jpg,in_stock,15400,new,テスコム,4975302126221,美容・健康 > 衛生日用品 > ヘアケア用品 > ヘアスタイリング道具 > ヘアドライヤー,理美容・健康・マッサージチェア・シャワーヘッド > ヘアケア・ヘッドスパ > ヘアドライヤー
4967576618939,アイリスオーヤマ イオンドライヤー ダークグレー HDR-M101-H,●大風量2.0m3/分で、忙しい朝も疲れた夜もサッと乾かせます。 ※TURBO時・ノズルなし(アイリスオーヤマ社調べ)。 ●マイナスイオン搭載で、髪がまとまる髪に優しいイオンドライヤーです。 ※使用環境(季節・温度など)や個人差により効果は異なります。 ●3モード搭載(TURBO・SET・COOL)で、用途に合わせて使い分けられます。 ●髪をセットする時に便利なノズルを付属、取り付けると風の向きをしぼって当てることができます。 ●折りたたみ式で、収納や持ち運びにも便利です。 ●4カラー展開のため、お好みに合わせてお選びいただけます。 ●※画像はイメージです。 メーカー商品詳細ページはこちら / 理美容・健康・マッサージチェア・シャワーヘッド ヘアケア・ヘッドスパ ヘアドライヤー / 家電 ●モード切替:TURBO、SET、COOL ●風量:2.0m3/分 ●マイナスイオン:○ ●ナノイオン:× ●ヘアケア(低温):○ ●静音タイプ:× ●電圧切替(海外利用可):× ●電源:AC100V、50/60Hz ●消費電力:1200W(TURBO) ●電源コード長さ:約1.8m ●寸法:約W13.7×H21.4×D7.6cm(本体のみ、電源コード除く) ●質量:約485g(本体のみ) ●付属品:ノズル,https://www.edion.com/detail.html?p_cd=00073177500,https://www.edion.com/ito/product/8939/04967576618939/300x300/4967576618939_1.jpg,in_stock,4418,new,アイリスオーヤマ,4967576618939,美容・健康 > 衛生日用品 > ヘアケア用品 > ヘアスタイリング道具 > ヘアドライヤー,理美容・健康・マッサージチェア・シャワーヘッド > ヘアケア・ヘッドスパ > ヘアドライヤー
4987176269805,ブラウン シリーズ9PRO+ マットブラック 9660CC,10年ぶりに刃のイノベーションが入り、深剃りの質がさらに高くなる。 ●10年ぶりに刃のイノベーションが入り、深剃りの質がさらに高くなる ●極薄ハイブリッド刃 ●プロスマートセンサーテクノロジー(旧呼称:人工知能テクノロジー)がアップグレード ●アドバンスドディスプレイがさらにわかりやすく ●替刃交換・洗浄おすすめタイミングを表示 ●新プロスマートセンサーテクノロジーアイコンを追加 メーカー商品詳細ページはこちら / 理美容・健康・マッサージチェア・シャワーヘッド シェーバー・バリカン他 シェーバー 4枚刃シェーバー / 家電 ●電源方式:充電式 ●適格電圧:100-240V ●消費電力:7W ●消費電力:リチウムイオン電池 ●連続使用可能時間:60分 ●充電時間:60分 ●寸法:W4.4×H16.8×D6.6cm ●質量:207g,https://www.edion.com/detail.html?p_cd=00083590177,https://www.edion.com/ito/product/9805/04987176269805/300x300/4987176269805_1.jpg,in_stock,63682,new,ブラウン,4987176269805,美容・健康 > 衛生日用品 > シェービング・脱毛 > シェーバー・替刃,理美容・健康・マッサージチェア・シャワーヘッド > シェーバー・バリカン他 > シェーバー > 4枚刃シェーバー
4975302126207,テスコム プロフェッショナルプロテクトイオンヘアードライヤー Nobby by TESCOM ブラック NIB400A-K,毎日をサロン髪へ。本格志向のシンプル軽量モデル。 ●風速UP!新しくなったモーター&構造設計。 美容師さんから愛されて50年。全国のサロンで使用されているNobbyの最軽量モデルをベースに開発したヘアードライヤー。 新型モーター&新設計で従来機種に比べて風速約34%UP。 ●サロン仕上げのツヤ髪をつくるプロテクトイオン。 マイナスイオンとプラスイオンを同時に放出。 それぞれのイオンが髪に働いて、髪の広がりの一因となる静電気を抑制。また、髪のツヤもUP。 ●毎日使うからこそ小型化&軽量化。 従来機種NIB300Aより約22%小型化。さらに約19%軽くなりました。持ちやすいから乾かしやすい。 ●使う人の目線でのシンプル設計。 シンプルだからこそ、ユーザビリティにこだわって開発。 サロンヒアリングを活かした握りやすいグリップ。ワンタッチのクールショットスイッチ。 ●プロのブローテクニックを再現しやすいセットフード(ブロータイプ)。 細口フードで髪を根元から乾かします。また両端にブラシを引っかけることで、プロのような均一なブローを再現できます。 ●簡単お掃除でドライヤー長持ち高性能フィルター。 ●レバーを押すだけラク抜きプラグ。 ●安心の2年保証。 メーカー商品詳細ページはこちら / 理美容・健康・マッサージチェア・シャワーヘッド ヘアケア・ヘッドスパ ヘアドライヤー / 家電 ●風量切替:OFF、SET、DRY、クールショットスイッチ/OFF、ON ●風量:1.1m3/分 ●マイナスイオン:○ ●ヘアケア(低温):○ ●電源:AC100V 50/60Hz ●消費電力:1200W ●寸法:W20.5×H19.4×8.2cm(本体のみ) ●質量:425g(本体のみ) ●付属品:セットフード(ブロータイプ),https://www.edion.com/detail.html?p_cd=00076549564,https://www.edion.com/ito/product/6207/04975302126207/300x300/4975302126207_1.jpg,in_stock,15400,new,テスコム,4975302126207,美容・健康 > 衛生日用品 > ヘアケア用品 > ヘアスタイリング道具 > ヘアドライヤー,理美容・健康・マッサージチェア・シャワーヘッド > ヘアケア・ヘッドスパ > ヘアドライヤー
4987176269744,ブラウン シリーズ9 Pro+ マットグレー 9665CC,●10年ぶりに刃のイノベーションが入り、深剃りの質がさらに高くなる。 ●極薄ハイブリッド刃。 ●プロスマートセンサーテクノロジー(旧呼称:人工知能テクノロジー)がアップグレード。 ●アドバンスドディスプレイがさらにわかりやすく。 ●替刃交換・洗浄おすすめタイミングを表示。 ●新プロスマートセンサーテクノロジーアイコンを追加。 メーカー商品詳細ページはこちら / 理美容・健康・マッサージチェア・シャワーヘッド シェーバー・バリカン他 シェーバー 4枚刃シェーバー / 家電 ●刃の枚数:4枚刃 ●電源方式:充電式 ●電源:100-240V ●急速充電時間:5分間 ●使用日数:約20日(1日1回3分として) ●寸法:W4.4×H16.8×D6.6cm ●質量:約207g,https://www.edion.com/detail.html?p_cd=00083590184,https://www.edion.com/ito/product/9744/04987176269744/300x300/4987176269744_1.jpg,in_stock,65800,new,ブラウン,4987176269744,美容・健康 > 衛生日用品 > シェービング・脱毛 > シェーバー・替刃,理美容・健康・マッサージチェア・シャワーヘッド > シェーバー・バリカン他 > シェーバー > 4枚刃シェーバー
4987176359926,ブラウン シリーズ9 スポーツ+(シェーバーケース&替刃付き) アトリエブラック 9310S-BSP,●5カットシステム:多彩な刃の組み合わせであらゆるヒゲをとらえる独自の設計。 ・異なる5つカットシステムが融合し、寝たヒゲやくせヒゲを確実に捉え、一度で剃りきる。 ●人工知能テクノロジー。 ・毎秒13回のスピードでヒゲの濃さを読み取り、自動対応でパワーを調節。一人ひとりの肌に合ったシェービングを達成します。 ●音波振動テクノロジー。 ・毎分1万回の振動が肌を震わせ、一度により多くのヒゲを1ストロークでとらえる。肌に余分な負担をかけず、効率的に深剃りします。 ●密着3Dヘッド。 ・刃がしっかり浮き沈みし、肌への押しつけを和らげ、しっかり肌の凹凸にも密着。また、ヘッドが前後40°に動くことで、顔のあらゆる凹凸にも密着します。 ●ディープキャッチ網刃TM:900種類の網目でどんなヒゲも深剃り ・900パターンの網目が、様々な向きに生えるヒゲをヘッド全体で根元からとらえます。 ●コンフォート内刃:肌を傷めず根元からカット ・鋭角内刃の刃先を2ミクロン内側にカット。刃が肌に触れる面積が少なく、肌を傷めず1ストロークでヒゲを剃り落とす。 メーカー商品詳細ページはこちら / 理美容・健康・マッサージチェア・シャワーヘッド シェーバー・バリカン他 シェーバー 4枚刃シェーバー / 家電 ●刃の枚数:4枚刃 ●電源:充電式 ●便利_電圧切替可(海外利用可):100~240V ●急速充電時間:60分 ●寸法:W6.6×H16.8×D4.4cm ●質量:約215g,https://www.edion.com/detail.html?p_cd=00083590238,https://www.edion.com/ito/product/9926/04987176359926/300x300/4987176359926_1.jpg,in_stock,34980,new,ブラウン,4987176359926,美容・健康 > 衛生日用品 > シェービング・脱毛 > シェーバー・替刃,理美容・健康・マッサージチェア・シャワーヘッド > シェーバー・バリカン他 > シェーバー > 4枚刃シェーバー
4582521688012,SALONIA スムースシャインドライヤー ホワイト SAL23209-WH,その風、速乾シルク髪。 ●大風量2.4m3/min※1の大風量で速乾。熱によるダメージを軽減。(※1 風強時/ SALONIA社測定による) ●マイナスイオン量120%(SL-013比較)傷んだ髪の毛をイオンコーティングしながらケア。 ●ケアできる2モード搭載。髪の表面が整う温冷自動切り替えモードと頭皮や肌に優しい温度のSKINモード。 ●選べる風量。全てのモードで風量調整可能。スタイリングもドライも簡単に。 ●回転式折りたたみのハンドルで コンパクトに収納が可能。 ●セット用ノズルとドライ用ノズル2種類付き。 / 理美容・健康・マッサージチェア・シャワーヘッド ヘアケア・ヘッドスパ ヘアドライヤー / 家電 ●温風温度:[HOTモード時]約75℃(風強/室温30℃/ノズルなし) ●風量2.4m3/分(風量【強】の時) ●搭載モード:8モード(HOT、GLOSS、SKIN、COOL)×強弱風量調整 ●電源:AC100V 50-60Hz ●消費電力:1200W(HOT・風強時) ●電源コード長さ:約1.7m ●寸法:W15.6×H22.5×D7.7cm ●質量:約493g ●付属品:セットノズル、速乾ブーストノズル,https://www.edion.com/detail.html?p_cd=00078929722,https://www.edion.com/ito/product/8012/04582521688012/300x300/4582521688012_1.jpg,in_stock,13200,new,SALONIA,4582521688012,美容・健康 > 衛生日用品 > ヘアケア用品 > ヘアスタイリング道具 > ヘアドライヤー,理美容・健康・マッサージチェア・シャワーヘッド > ヘアケア・ヘッドスパ > ヘアドライヤー
4904785174689,タニタ 体組成計 ホワイト BC-771-WH,脚の筋肉量が分かる脚点搭載。 ●脚の筋肉量が分かる「脚点」を搭載 ●大きくて見やすいLCD。 ●「マイサポ」で毎日の測定継続をサポート。 ●立て掛け収納可能。 / 理美容・健康・マッサージチェア・シャワーヘッド ヘルスケア 体組成計・体重計 体組成計 / 家電 ●計量範囲:0~150kg ●最小表示:0~100kg迄 100g単位 100kg以上 200g単位 ●体脂肪率:5.0%~75.0% 0.1%単位 ●体脂肪率判定:やせ/ー標準/+標準/軽肥満/肥満 ●BMI:0.1単位 ●筋肉量:0~100kg迄 100g単位 100kg以上 200g単位 ●筋肉量判定:少ない/標準/多い ●内臓脂肪レベル:1.0~59.0レベル 0.5レベル単位 ●内臓脂肪レベル判定:標準/やや過剰/過剰 ●脚点:50~150Pt 1Pt単位 ●脚点判定:50~150Pt 1Pt単位 ●基礎代謝量:50~150Pt 1Pt単位 ●基礎代謝量判定:50~150Pt 1Pt単位 ●体内年齢:1才単位 ●電源:DC6V 単4形乾電池(R03)×4本 ●寸法:約W28.0×H2.7×D28.0cm ●質量:約1.6kg(※電池含む),https://www.edion.com/detail.html?p_cd=00071591193,https://www.edion.com/ito/product/4689/04904785174689/300x300/4904785174689_1.jpg,in_stock,5980,new,タニタ,4904785174689,美容・健康 > ヘルスケア > 医療用測定器 > 医療用体温計,理美容・健康・マッサージチェア・シャワーヘッド > ヘルスケア > 体組成計・体重計 > 体組成計
4967576618960,アイリスオーヤマ イオンドライヤー ピンク HDR-M101-P,●大風量2.0m3/分で、忙しい朝も疲れた夜もサッと乾かせます。 ※TURBO時・ノズルなし(アイリスオーヤマ社調べ)。 ●マイナスイオン搭載で、髪がまとまる髪に優しいイオンドライヤーです。 ※使用環境(季節・温度など)や個人差により効果は異なります。 ●3モード搭載(TURBO・SET・COOL)で、用途に合わせて使い分けられます。 ●髪をセットする時に便利なノズルを付属、取り付けると風の向きをしぼって当てることができます。 ●折りたたみ式で、収納や持ち運びにも便利です。 ●4カラー展開のため、お好みに合わせてお選びいただけます。 ●※画像はイメージです。 メーカー商品詳細ページはこちら / 理美容・健康・マッサージチェア・シャワーヘッド ヘアケア・ヘッドスパ ヘアドライヤー / 家電 ●モード切替:TURBO、SET、COOL ●風量:2.0m3/分 ●マイナスイオン:○ ●ナノイオン:× ●ヘアケア(低温):○ ●静音タイプ:× ●電圧切替(海外利用可):× ●電源:AC100V、50/60Hz ●消費電力:1200W(TURBO) ●電源コード長さ:約1.8m ●寸法:約W13.7×H21.4×D7.6cm(本体のみ、電源コード除く) ●質量:約485g(本体のみ) ●付属品:ノズル,https://www.edion.com/detail.html?p_cd=00073177531,https://www.edion.com/ito/product/8960/04967576618960/300x300/4967576618960_1.jpg,in_stock,4418,new,アイリスオーヤマ,4967576618960,美容・健康 > 衛生日用品 > ヘアケア用品 > ヘアスタイリング道具 > ヘアドライヤー,理美容・健康・マッサージチェア・シャワーヘッド > ヘアケア・ヘッドスパ > ヘアドライヤー
4987176269782,ブラウン シリーズ9 Pro+ マットブラック 9670CC,●10年ぶりに刃のイノベーションが入り、深剃りの質がさらに高くなる。 ●極薄ハイブリッド刃。 ●プロスマートセンサーテクノロジー(旧呼称:人工知能テクノロジー)がアップグレード。 ●アドバンスドディスプレイがさらにわかりやすく。 ●替刃交換・洗浄おすすめタイミングを表示。 ●新プロスマートセンサーテクノロジーアイコンを追加。 メーカー商品詳細ページはこちら / 理美容・健康・マッサージチェア・シャワーヘッド シェーバー・バリカン他 シェーバー 4枚刃シェーバー / 家電 ●刃の枚数:4枚刃 ●電源方式:充電式 ●電源:100-240V ●急速充電時間:5分間 ●使用日数:約20日(1日1回3分として) ●寸法:W4.4×H16.8×D6.6cm ●質量:約207g,https://www.edion.com/detail.html?p_cd=00083590160,https://www.edion.com/ito/product/9782/04987176269782/300x300/4987176269782_1.jpg,in_stock,84645,new,ブラウン,4987176269782,美容・健康 > 衛生日用品 > シェービング・脱毛 > シェーバー・替刃,理美容・健康・マッサージチェア・シャワーヘッド > シェーバー・バリカン他 > シェーバー > 4枚刃シェーバー
4987176180278,ブラウン 3枚刃シェーバー シリーズ5 ブルー 52-B7200CC,忙しい朝も、素早く、剃り残しゼロへ。 ●3連密着ブレード:独自の浮き沈みする刃で、肌の凹凸にも密着し、深剃り! ●「ターボモード」へのモード切替でよりニーズに沿ったシェービングを実現! ●人工知能テクノロジー:ヒゲの濃さを読み取り毎秒13回自動でパワーを調節。 ●クイック洗浄システム:ノズルの開閉、電源オン不要で簡単に髭くず洗浄! ●ディープキャッチ網刃:最高峰モデルにも搭載される刃で、あらゆるひげをカット。 / 理美容・健康・マッサージチェア・シャワーヘッド シェーバー・バリカン他 シェーバー 3枚刃シェーバー / 家電 ●刃の枚数:3枚刃 ●電源方式:充電式 ●電源:AC100-240V ●充電時間:約1時間 ●使用日数:約16日間(1日1回3分として) ●寸法:W6.4×H16.6×D5.1cm ●質量:約173g ●付属品:クリーン&チャージシステム(洗浄器)、洗浄液カートリッジ1個、キワゾリ刃アタッチメント、網刃保護キャップ、ブラシ、専用コード,https://www.edion.com/detail.html?p_cd=00077678768,https://www.edion.com/ito/product/0278/04987176180278/300x300/4987176180278_1.jpg,in_stock,14800,new,ブラウン,4987176180278,美容・健康 > 衛生日用品 > シェービング・脱毛 > シェーバー・替刃,理美容・健康・マッサージチェア・シャワーヘッド > シェーバー・バリカン他 > シェーバー > 3枚刃シェーバー
4210201163435,ブラウン 3枚刃シェーバー シリーズ3 ブラック 300SB,●肌に優しい深剃りを実現するベーシックモデル。 ●最高機種にも搭載のディープキャッチ網刃が899パターンの網目でさまざまな向きに生えるヒゲを根元から捕らえて逃しません。 ●まるごと水洗いで快適。 ●1段階充電表示ランプ付。 ●急速1時間充電(1回の使用分であれば5分間の急速充電)。 ●※お風呂剃りには対応しておりません。 ●※水洗いをする前に、必ず本体から電源コードを抜いてください。水洗い後は、必ず電極部の水分を完全にふき取ってください。 / 理美容・健康・マッサージチェア・シャワーヘッド シェーバー・バリカン他 シェーバー 3枚刃シェーバー / 家電 ●タイプ:3枚刃 ●起動方法:往復式 ●電源:充電・交流式 ●電圧:AC100~240V(自動切換/海外利用可) ●消費電力:7W ●急速充電時間:1時間(1回の使用分であれば5分間の急速充電) ●使用可能時間:約20分間 (1日1回3分として7日間) ●保管/使用推奨温度:15~35℃ ●本体寸法:W5.7×H15.6×D4.8cm ●本体質量:約175g ●替刃:F/C 21B,https://www.edion.com/detail.html?p_cd=00054081499,https://www.edion.com/ito/product/3435/04210201163435/300x300/4210201163435_1.jpg,in_stock,8980,new,ブラウン,4210201163435,美容・健康 > 衛生日用品 > シェービング・脱毛 > シェーバー・替刃,理美容・健康・マッサージチェア・シャワーヘッド > シェーバー・バリカン他 > シェーバー > 3枚刃シェーバー
4571607695136,SALONIA ストレートヘアアイロン(24mm) ミスティピンク SAL25122MP,2026年春夏 台数限定カラー。 ●【セラミックコーティング】引っかかりにくい滑らかな仕様で、アレンジをスムーズに行うことができます。 ●ダブルマイナスイオン噴射口付き。 ●約30分後に自動でオフ、オートパワーオフ機能。 ●専用ポーチ付き。持ち運び、収納に便利な専用ポーチ付きです。※耐熱温度150℃ ●【360度回転コード】使用中のコードのもつれや絡まりを防ぎます。 ●【海外対応】100V~240V対応です。対応電圧内の国では変圧器なしでご利用いただけます。※変換プラグ、変換アダプターは別途必要となります。】引っかかりにくい滑らかな仕様で、アレンジをスムーズに行うことができます。 メーカー商品詳細ページはこちら / 理美容・健康・マッサージチェア・シャワーヘッド ヘアケア・ヘッドスパ ヘアアイロン ストレートヘアアイロン / 家電 ●最高温度:230℃ ●温度調節:120℃~230℃(5℃刻み) ●ストレート:〇 ●電圧切替(海外利用可):〇 ●電源:AC100V~240V ●消費電力:(50/60Hz)40W ●寸法:本体/W3.0×H28.3×D3.5cm ●質量:約305g,https://www.edion.com/detail.html?p_cd=00085418400,https://www.edion.com/ito/product/5136/04571607695136/300x300/4571607695136_1.jpg,in_stock,3070,new,SALONIA,4571607695136,美容・健康 > 衛生日用品 > ヘアケア用品 > ヘアスタイリング道具,理美容・健康・マッサージチェア・シャワーヘッド > ヘアケア・ヘッドスパ > ヘアアイロン > ストレートヘアアイロン
4549980997963,パナソニック シェーバー ラムダッシュ 5枚刃 ブラック ES-LVHX-K,●ラムダッシュAI+で肌にしっかり深剃り。 ●密着5Dヘッドで肌へのやさしさを追求。 ●5枚刃×高速リニアモーターで濃いヒゲもしっかり深剃り。 / 理美容・健康・マッサージチェア・シャワーヘッド シェーバー・バリカン他 シェーバー 5枚刃シェーバー / 家電 ●刃の枚数:5枚刃 ●電源方式:充電式 ●電源:AC100~240V ●急速充電時間:60分 ●使用日数:約14日間(1日1回3分として) ●寸法:W7.2×H16.7×D5.9cm ●質量:約0.21g,https://www.edion.com/detail.html?p_cd=00083694943,https://www.edion.com/ito/product/7963/04549980997963/300x300/4549980997963_1.jpg,in_stock,27800,new,パナソニック,4549980997963,美容・健康 > 衛生日用品 > シェービング・脱毛 > シェーバー・替刃,理美容・健康・マッサージチェア・シャワーヘッド > シェーバー・バリカン他 > シェーバー > 5枚刃シェーバー
4550556143868,シャープ プラズマクラスタードレープフロードライヤー Plasmacluster Beauty ブラック系ミッドナイトブラック IB-WX902-B,"""プラズマクラスタードライヤー。 ●速乾・美髪への新しいアプローチ。根元から乾く、うるおってツヤめく。 ●髪の根元まで広く深く風を届けて速乾。 ・4つの吹出口からスピーディな風を出す「ドレープフローX4」で、濡れた髪を立体的に押し分けて根元や広範囲に風を届け、ドライ時間約35%短縮。(シャープドレープフロー非搭載機種IB-RP9[2022年]との比較)(効果は使用状況や個人差等により異なります。) ●プラズマクラスターでうるおいコーティング。 ・水分子に包まれたイオンが、髪表面をうるおいでコーティング。保湿効果を高め、キューティクルを引き締めて、ダメージに強いしなやかな髪へと導きます。イオン濃度もさらにアップしました。 (シャープIB-P601[2023年]との比較)。 ●プラズマクラスターで摩擦ダメージを抑える。 ・プラスとマイナス両方のイオンで、髪とブラシ、それぞれに発生する静電気をスピーディに抑えて摩擦ダメージを抑制。キューティクルをまもり、サラリとしたまとまりのある髪へと仕上げます。さらに枝毛・切れ毛を抑えてカラーリングも長持ちします。 ●SENSINGモードで熱ダメージから髪をまもる。 ・髪との距離をセンシングし、風の温度をコントロール。ドライヤーを近づけても髪が熱くなることを防ぎ、熱ダメージや過乾燥から髪をまもります。 ●GENTLEモードで小さなお子様の髪もやさしく乾かす。 ・SET(風量小)よりも風量を抑え、風の温度を低めに。さらにドライヤーと髪が近づきすぎると冷風に切り替わる安心設計。大きな送風音に敏感なお子様に配慮した、やさしくヘアドライ できる新しいモードです。前髪などの部分的なスタイリングの仕上げにもおすすめです。 ●BEAUTYモードでツヤ仕上げ、もっと輝く髪へ。 ・温風(7秒)×冷風(5秒)を自動で交互に吹き出すことで、キューティクルを引き締めツヤ髪に仕上げます。また、周辺温度をセンサーで感知し、最適な温度帯に自動で設定します。 ●髪と地肌を思いやる、多彩なモード。 ・多彩なモードを切り替えて髪を乾かせば、髪と頭皮をいたわりながら美しく仕上げることができます。仕上げにはワンプッシュで切り替わる[COLD]がおススメです。 ●アプリとの連携でドライモードをカスタマイズできる、APPモード。 ・好きな[温度帯]×[時間]の組合せで、乾かす風を自分好みの心地よいドライモードにカスタマイズできる美髪アプリ[プラズマクラスタービューティアプリ]に対応。好みの仕上がりを選べば理想的なドライモードを案内するコンシェルメニューも充実しています。 ●スリムなデザインで速乾をサポート。 ・スリムなデザインだから、ヘアドライ時の腕の動きもコンパクトに。さらに握りやすいハンドルや片手で切り替えやすいボタンやスイッチなど、スムーズな操作ができる設計です。ヘアドライ中の手首負担も約71%軽減(シャープIB-RP9[2022年]との比較)。 / 理美容・健康・マッサージチェア・シャワーヘッド ヘアケア・ヘッドスパ ヘアドライヤー / 家電 ●モード切替:HOT / SENSING / BEAUTY /SCALP / COLD / GENTLE / APP(アプリ対応) ●温風温度:約95℃(HOT/DRY運転時、室温30℃) ●風量:約7.4m3/分(TURBO運転時) ●マイナスイオン:〇 ●ナノイオン:× ●ヘアケア(低温):〇 ●静音タイプ:× ●電源:AC100V 50Hz-60Hz ●消費電力:1,200W(HOT/TURBO運転時) ●電圧切替(海外利用可):× ●電源コード長さ:約1.7m ●寸法:W8.0×H25.0×D6.3cm ●質量:約515g ●付属品:ユニット清掃ブラシ・ストラップ・取扱説明書""",https://www.edion.com/detail.html?p_cd=00079130790,https://www.edion.com/ito/product/3868/04550556143868/300x300/4550556143868_1.jpg,in_stock,39800,new,シャープ,4550556143868,美容・健康 > 衛生日用品 > ヘアケア用品 > ヘアスタイリング道具 > ヘアドライヤー,理美容・健康・マッサージチェア・シャワーヘッド > ヘアケア・ヘッドスパ > ヘアドライヤー
4582521680108,SALONIA スピーディーイオンドライヤー グレー SL-013GR,大風量で速乾。 ●スピーディー乾燥。2.3m2/min ※大風量。より強い風で速乾を実現。※ノズル装着TURBO時 ※SALONIA社測定による ●髪に嬉しいマイナスイオン機能を搭載。 ●折りたたみ式なので、コンパクトで収納や持ち運びなどにも便利。 メーカー商品詳細ページはこちら / 理美容・健康・マッサージチェア・シャワーヘッド ヘアケア・ヘッドスパ ヘアドライヤー / 家電 ●モード切替:TURBO、SET、COOL ●電源:AC100V 50/60Hz ●温風温度:約80℃(TURBO・室温30℃・ノズル装着なし)、約103℃ (TURBO・室温30℃・ノズル装着時) ●定格消費電力:1200W(TURBO時) ●コード長:約1.7m ●寸法:W20.2×H19.9×D7.5cm(使用時、ノズル装着時)、W20.2×H13.1×D7.5cm(折りたたみ時、ノズル装着時) ●質量:約495g(ノズル・コード込み),https://www.edion.com/detail.html?p_cd=00070107739,https://www.edion.com/ito/product/0108/04582521680108/300x300/4582521680108_1.jpg,in_stock,5910,new,SALONIA,4582521680108,美容・健康 > 衛生日用品 > ヘアケア用品 > ヘアスタイリング道具 > ヘアドライヤー,理美容・健康・マッサージチェア・シャワーヘッド > ヘアケア・ヘッドスパ > ヘアドライヤー
4549980676325,パナソニック 3枚刃シェーバー ダークネイビー ES-RT1AU-A,3枚刃メンズシェーバー。 ●ステンレス鍛造の30°鋭角ナノエッジ内刃採用で硬く太いヒゲも根元からスパッとカット。 ●丸みを帯びた刃面が肌に密着してやさしく深剃りできるマルチフィットアーク刃。 ●持ち運びに便利なUSB充電タイプ。 メーカー商品詳細ページはこちら / 理美容・健康・マッサージチェア・シャワーヘッド シェーバー・バリカン他 シェーバー 3枚刃シェーバー / 家電 ●刃の枚数:3枚刃 ●電源方式:充電式 ●電源:AC100-240V ●充電時間:約8時間 ●使用日数:約7日間(1日1回3分として) ●寸法:W6.5×H15.7×D4.4cm(キャップを除く) ●質量:約160g(キャップを除く) ●付属品:USBケーブル(Type-A-Type-C)、掃除用ブラシ,https://www.edion.com/detail.html?p_cd=00075729066,https://www.edion.com/ito/product/6325/04549980676325/300x300/4549980676325_1.jpg,in_stock,4653,new,パナソニック,4549980676325,美容・健康 > 衛生日用品 > シェービング・脱毛 > シェーバー・替刃,理美容・健康・マッサージチェア・シャワーヘッド > シェーバー・バリカン他 > シェーバー > 3枚刃シェーバー
4550719001431,パナソニック ヘアードライヤー イオニティ アイスブルー EH-NE5N-A,●速乾・大風量でパワフルドライ。 ●髪をいたわる低温ケアモード。 ●マイナスイオンを熱から守り、髪にしっかり届ける外付けマイナスイオン吹出口。マイナスイオンが髪表面をコートしてさらさらな髪に。髪の静電気も抑制。 メーカー商品詳細ページはこちら / 理美容・健康・マッサージチェア・シャワーヘッド ヘアケア・ヘッドスパ ヘアドライヤー / 家電 ●モード切替:TURBO、CARE、COLD ●風量:1.6m3/分(吹出口風量) ●マイナスイオン:〇 ●ヘアケア(低温):〇 ●消費電力:1200W ●寸法:W18.4×H21.6×D8.5cm ●質量:約545g,https://www.edion.com/detail.html?p_cd=00083479687,https://www.edion.com/ito/product/1431/04550719001431/300x300/4550719001431_1.jpg,in_stock,6980,new,パナソニック,4550719001431,美容・健康 > 衛生日用品 > ヘアケア用品 > ヘアスタイリング道具 > ヘアドライヤー,理美容・健康・マッサージチェア・シャワーヘッド > ヘアケア・ヘッドスパ > ヘアドライヤー
4550556183406,シャープ ディンプルフロードライヤー (パープル系)(グレイッシュパープル) IB-P300-V,速乾ディンプルフロー。 ●速乾ディンプルフロー ・高風圧に導く「速乾ディンプルノズル」×自然から着想を得た「アマツバメファン」を搭載。コンパクトなボディでも風量4.8m3/分を実現。 ●さらさらマイナスイオン マイナスイオンでキューティクルを保護し自然なさらさら質感へ導きます ●信頼性こだわり設計 10万回以上の屈曲試験をクリアした 「二重被覆コード」と「コードプロテクター」で断線故障を抑制。 ・日常使用を想定したハンドル屈曲の耐久試験済み。 / 理美容・健康・マッサージチェア・シャワーヘッド ヘアケア・ヘッドスパ ヘアドライヤー / 家電 ●モード切替:TURBO/SET/COLD ●風量:約4.8m3/分(TURBO運転時) ●マイナスイオン:〇 ●消費電力:1200W(TURBO運転時) ●寸法:W7.4×H19.7×D15.1cm ●質量:約485g,https://www.edion.com/detail.html?p_cd=00083532771,https://www.edion.com/ito/product/3406/04550556183406/300x300/4550556183406_1.jpg,in_stock,8890,new,シャープ,4550556183406,美容・健康 > 衛生日用品 > ヘアケア用品 > ヘアスタイリング道具 > ヘアドライヤー,理美容・健康・マッサージチェア・シャワーヘッド > ヘアケア・ヘッドスパ > ヘアドライヤー
4549980676301,パナソニック 3枚刃シェーバー 黒 ES-RT2N-K,3枚刃メンズシェーバー。 ●ステンレス鍛造の30°鋭角ナノエッジ内刃採用で硬く太いヒゲも根元からスパッとカット。 ●丸みを帯びた刃面が肌に密着してやさしく深剃りできるマルチフィットアーク刃。 メーカー商品詳細ページはこちら / 理美容・健康・マッサージチェア・シャワーヘッド シェーバー・バリカン他 シェーバー 3枚刃シェーバー / 家電 ●刃の枚数:3枚刃 ●電源方式:充交両用 ●電源:AC100-240V ●充電時間:約8時間 ●使用日数:約7日間(1日1回3分として) ●寸法:W6.5×H15.7×D4.6cm(キャップを除く) ●質量:約165g(キャップを除く) ●付属品:ACアダプター、掃除用ブラシ,https://www.edion.com/detail.html?p_cd=00075729042,https://www.edion.com/ito/product/6301/04549980676301/300x300/4549980676301_1.jpg,in_stock,7580,new,パナソニック,4549980676301,美容・健康 > 衛生日用品 > シェービング・脱毛 > シェーバー・替刃,理美容・健康・マッサージチェア・シャワーヘッド > シェーバー・バリカン他 > シェーバー > 3枚刃シェーバー
4975302150028,テスコム プロフェッショナルプロテクトイオンヘアドライヤー ブラック NIB500B-K,"""プロ仕様のパワフルな速乾力が、さらにグレードアップ。 ●サロンシェアNo.1(※)ブランド『Nobby』から生まれたNobby by TESCOM。洗練されたデザインとともに、「私にできる、サロンクオリティ。」をコンセプトにプロの技をご自宅でリアルに再現できる機能を搭載しました。 ※ドライヤーにおいて、2024年3-6月株式会社セイファート調べ ●※Nobby(ノビー)はテスコムのサロン専用ブランドです。 ●プロ用に独自開発した「シロッコファン」で大風圧・大風速を実現。78枚の羽根それぞれが曲面を持ち、空気をすくって力強く押し出す独自設計に。髪の根元を持ち上げ地肌からしっかりと乾かし、仕上がりに差がつきます。 ●プロテクトイオン搭載で、髪のツヤをアップ。マイナスイオンとプラスイオンを同時に放出することで、それぞれのイオンが髪に働いて、髪の広がりや傷みの一因となる静電気を抑制します。 ※放出イオン量:約1,000万個/cm3以上。テスコム社測定法/テスコム社比較法による ●軽量・高耐久・長寿命にグレードアップ。プロ用ブラシレスDCモーター搭載により、パワフルで安定した風を送り続けられます。 ●従来のDCモーターより小型化されたブラシレスDCモーター搭載で、スリム&軽量化。従来機種と比べ製品の奥行が14mmスリムに、さらに180g軽くなりました。操作がしやすく、疲れにくいため快適にヘアドライができます。 ※テスコム社従来品NIB3001との比較。 ●温度と風量を選べる2つのスイッチを搭載。乾きづらい根元は一気に乾かし、痛みの気になる毛先は低温でいたわりドライ。プロの乾かし方を再現して、サロン帰りのツヤ髪へ導きます。 ●温風冷風の自動切り替えと独自の風速で、美しい仕上がりに。髪のまとまりと速乾のバランスに優れた風速で、温風と冷風を一定間隔で自動的に切り替えるモードを搭載。温風と冷風を交互に当て、最適な風速で乾かすことで、髪のツヤ10%アップ。 ●※TURBO-HIGHとの比較。テスコム社測定法/テスコム社比較法による。ご使用方法や髪質によって個人差があります。 ●付属のセットフードは、フードとブラシで髪を挟み込みやすい形状に。プロの仕上げのような、安定したブローを自分で行えます。 ●※使用中・使用後は高温のためさわらないでください。 ●※樹脂製のブロー用ブラシを使用してください。耐熱温度110℃以上のブラシを推奨。獣毛や木製・金属製のブラシは使用できません。 ●※フードをブラシに強く押しあてるとピンが変形する恐れがあります。 ●付属のスタンドを使って両手で乾かすことができます。ロングヘアでも疲れず快適に乾かせます。使った後は立てて収納でき、スペースを取りません。 ●従来のフィルターに比べ、耐久性の高い高性能フィルターを採用。お手入れがしやすく水洗いも簡単に行えます。 ●使いやすいラク抜きプラグ。力の弱い方やお年寄り、爪の長い方やネイルをしている方でも、レバーを押すだけで簡単にプラグを抜くことができます。 メーカー商品詳細ページはこちら / 理美容・健康・マッサージチェア・シャワーヘッド ヘアケア・ヘッドスパ ヘアドライヤー / 家電 ●電源:AC100V 50/60Hz ●消費電力:1300W ●温風温度:120℃(周囲温度30℃の場合、BOOST-HIGH時) ●コンセントタイプ:風量切替スイッチ BOOST/TURBO/SET/OFF、温度切替スイッチ HIGH/LOW/COOL、温冷自動切替スイッチ ON/OFF ●コード長:1.7m ●寸法:約W24.5×H22.6×D8.1cm(本体のみ)、約W29.9×H22.6×D8.1cm(セットフード付き) ●質量:620g(本体のみ)、650g(セットフード付き) ●付属品:セットフード、スタンド""",https://www.edion.com/detail.html?p_cd=00080362616,https://www.edion.com/ito/product/0028/04975302150028/300x300/4975302150028_1.jpg,in_stock,14950,new,テスコム,4975302150028,美容・健康 > 衛生日用品 > ヘアケア用品 > ヘアスタイリング道具 > ヘアドライヤー,理美容・健康・マッサージチェア・シャワーヘッド > ヘアケア・ヘッドスパ > ヘアドライヤー
4210201163459,ブラウン 3枚刃シェーバー シリーズ3 レッド 300SR,●肌に優しい深剃りを実現するベーシックモデル。 ●最高機種にも搭載のディープキャッチ網刃が899パターンの網目でさまざまな向きに生えるヒゲを根元から捕らえて逃しません。 ●まるごと水洗いで快適。 ●1段階充電表示ランプ付。 ●急速1時間充電(1回の使用分であれば5分間の急速充電)。 ●※お風呂剃りには対応しておりません。 ●※水洗いをする前に、必ず本体から電源コードを抜いてください。水洗い後は、必ず電極部の水分を完全にふき取ってください。 / 理美容・健康・マッサージチェア・シャワーヘッド シェーバー・バリカン他 シェーバー 3枚刃シェーバー / 家電 ●タイプ:3枚刃 ●起動方法:往復式 ●電源:充電・交流式 ●電圧:AC100~240V(自動切換/海外利用可) ●消費電力:7W ●急速充電時間:1時間(1回の使用分であれば5分間の急速充電) ●使用可能時間:約20分間 (1日1回3分として7日間) ●保管/使用推奨温度:15~35℃ ●本体寸法:W5.7×H15.6×D4.8cm ●本体質量:約175g ●替刃:F/C 21B,https://www.edion.com/detail.html?p_cd=00054081482,https://www.edion.com/ito/product/3459/04210201163459/300x300/4210201163459_1.jpg,in_stock,8980,new,ブラウン,4210201163459,美容・健康 > 衛生日用品 > シェービング・脱毛 > シェーバー・替刃,理美容・健康・マッサージチェア・シャワーヘッド > シェーバー・バリカン他 > シェーバー > 3枚刃シェーバー
4975302156013,テスコム プロテクトイオン ヘアドライヤー ホワイト TD560AW,"""●パワーのある大風量2.0m3/分※1の風と、スピードアップフードで、ロングヘアや毛量の多い方でもすばやく乾かします。※1:TURBO時。JIS規格測定法による。 ●操作しやすい3段階の切替スイッチ構造。 すばやく乾かしたいときは「HOT」モード、髪ダメージが気になるときは「CARE」モード、ドライの仕上げに「COOL」モードと、髪の状態やお好みの風温に合わせてモードの切り替えが可能です。 ●マイナスイオンとプラスイオンを同時に放出し、それぞれのイオン※2が髪に働いて、髪の広がりや傷みの一因となる静電気を抑制します。また、髪のツヤもアップします。※2:放出イオン量 約1,000万個/cm3以上。 ●従来機種※3より軽量化を実現。500mlペットボトルよりも軽く、疲れにくい重量バランスを考えたデザインで、毎日のドライがラクに。※3:従来機種TD550Aと質量比較。テスコム社測定法による。 ●内フードが集風して風速UP※4。ロングヘアでも髪を根元から乾かします。※4:テスコム社測定方法による(スピードアップフード無しとの比較)。 ●ラク抜きプラグを採用、 レバーを押すだけでコンセントから簡単に抜けます。 ●掃除のしやすいインレット※5で簡単に掃除ができて、いつでもキレイで清潔に保てます。※5:インレットのお手入れは、掃除機で吸うか、よく絞ったタオル等で拭き取ってください。 メーカー商品詳細ページはこちら / 理美容・健康・マッサージチェア・シャワーヘッド ヘアケア・ヘッドスパ ヘアドライヤー / 家電 ●モード切替:TURBO、DRY、SET、HOT、CARE、COOL ●風量:2.0m3/分(TURBO時) ●温風温度:110℃(周囲温度30℃の場合。DRY-HOT時) ●搭載イオン:プロテクトイオン ●電圧切替(海外利用可):× ●消費電力:1200W ●電源:AC100V 50/60Hz ●寸法:W17.2×H21.1×D8.2cm(本体のみ)、W21.0×H21.1×D8.2cm(フード付き) ●質量:460g(本体のみ)、480g (フード付き) ●付属品:スピードアップフード""",https://www.edion.com/detail.html?p_cd=00078022898,https://www.edion.com/ito/product/6013/04975302156013/300x300/4975302156013_1.jpg,in_stock,5580,new,テスコム,4975302156013,美容・健康 > 衛生日用品 > ヘアケア用品 > ヘアスタイリング道具 > ヘアドライヤー,理美容・健康・マッサージチェア・シャワーヘッド > ヘアケア・ヘッドスパ > ヘアドライヤー
4550556108348,シャープ プラズマクラスタードライヤー Plasmacluster Beauty ホワイト系ルミナスホワイト IB-P601-W,"""速乾エアロフォルム 大量の速い風を髪の根元に届け、熱に頼らず速乾。 ●使いやすいシンプルな操作で速乾・美髪ケア。 ●熱に頼らず速く乾く、速乾エアロフォルム。 ・大量の速い風を髪の根元に届け、熱に頼らない速乾力を実現。(効果は使用状況や個人差等により異なります。) ●プラズマクラスターでうるおいコーティング。 ・水分子に包まれたイオンが、髪表面をうるおいでコーティング。 ・保湿効果を高め、キューティクルを引き締めて、ダメージに強いしなやかな髪へと導きます。 ●プラズマクラスターで摩擦ダメージを抑える。 ・プラスとマイナス両方のイオンで、髪とブラシ、それぞれに発生する静電気をスピーディに抑えて摩擦ダメージを抑制。 ・キューティクルをまもり、サラリとしたまとまりのある髪へと仕上げます。さらに枝毛・切れ毛を抑えてカラーリングも長持ちします。 ●シンプル操作性で使い方カンタン。 ・TURBO、SET、COLDと3種のメニューから選べる風パターンを搭載。 ・切り換えもカンタンで、ハンドル部にあるメインスイッチをスライドするだけでOKです。 メーカー商品詳細ページはこちら / 理美容・健康・マッサージチェア・シャワーヘッド ヘアケア・ヘッドスパ ヘアドライヤー / 家電 ●モード切替:TURBO(温風) / SET(温風) / COLD(冷風) ●温風温度:約95℃(TURBO運転時、室温30℃) ●風量:約5.1m3/分(TURBO運転時) ●マイナスイオン:〇 ●ナノイオン:× ●ヘアケア(低温):〇 ●静音タイプ:× ●電源:AC100V 50Hz-60Hz ●消費電力:1,200W(TURBO運転時) ●電圧切替(海外利用可):× ●電源コード長さ:約1.7m ●寸法:W8.4×H20.9×D24.3cm ●質量:約535g ●付属品:セット用ノズル、ユニット清掃ブラシ、取扱説明書""",https://www.edion.com/detail.html?p_cd=00076350573,https://www.edion.com/ito/product/8348/04550556108348/300x300/4550556108348_1.jpg,in_stock,13800,new,シャープ,4550556108348,美容・健康 > 衛生日用品 > ヘアケア用品 > ヘアスタイリング道具 > ヘアドライヤー,理美容・健康・マッサージチェア・シャワーヘッド > ヘアケア・ヘッドスパ > ヘアドライヤー
4550719001479,パナソニック ヘアードライヤー イオニティ ダークグレー EH-NE7N-H,速乾・大風量でパワフルドライ。ダブルミネラル&マイナスイオン。 ●速乾・大風量でパワフルドライ。 ●ダブルミネラル&マイナスイオンで、キューティクルを密着ケア。UV・摩擦ダメージ抑制しながら、指通りのよいさらさら髪へ。 ●髪をいたわりながら乾燥、低温ケアモード搭載。 メーカー商品詳細ページはこちら / 理美容・健康・マッサージチェア・シャワーヘッド ヘアケア・ヘッドスパ ヘアドライヤー / 家電 ●モード切替:TURBO、CARE、COLD ●風量:1.6m3/分(吹出口風量) ●マイナスイオン:〇 ●ヘアケア(低温):〇 ●消費電力:1200W ●寸法:W18.4×H21.8×D8.5cm ●質量:約550g,https://www.edion.com/detail.html?p_cd=00083479649,https://www.edion.com/ito/product/1479/04550719001479/300x300/4550719001479_1.jpg,in_stock,10280,new,パナソニック,4550719001479,美容・健康 > 衛生日用品 > ヘアケア用品 > ヘアスタイリング道具 > ヘアドライヤー,理美容・健康・マッサージチェア・シャワーヘッド > ヘアケア・ヘッドスパ > ヘアドライヤー
4549980980057,パナソニック シェーバー ラムダッシュ 3枚刃 ダークネイビー ES-L321D-A,"""●3枚刃×リニアモーター約13,000ストローク/分=約39,000カットアクション/分でパワフルに剃りきる。 ●ウォータースルー洗浄。 メーカー商品詳細ページはこちら / 理美容・健康・マッサージチェア・シャワーヘッド シェーバー・バリカン他 シェーバー 3枚刃シェーバー / 家電 ●刃の枚数:3枚刃 ●電源方式:充交両用 ●電源:AC100~240V(海外利用可) ●急速充電時間:60分 ●使用日数:約14日間(1日1回3分として) ●寸法:W6.4×H15.5×D5.0cm ●質量:約145g(キャップ除く)""",https://www.edion.com/detail.html?p_cd=00082733728,https://www.edion.com/ito/product/0057/04549980980057/300x300/4549980980057_1.jpg,in_stock,11980,new,パナソニック,4549980980057,美容・健康 > 衛生日用品 > シェービング・脱毛 > シェーバー・替刃,理美容・健康・マッサージチェア・シャワーヘッド > シェーバー・バリカン他 > シェーバー > 3枚刃シェーバー
4981747080523,コイズミ ハイスピードイオンバランスドライヤー サロンセンス ブラック KHD-9970/K,5つの風量×3つのモードで好みの風が選べる。 ●イオンバランステクノロジー搭載で、静電気を中和し髪をより美しく。 ●風速約50m/秒。約10万回転/分の高速回転のBLDCモーター搭載。 ●5段階の風量調節×3つのモード切替えで好みの風が選べる。 ●温冷自動切替機能で、キューティクルの広がりを抑えツヤ感アップ。 ●低温風のスカルプ機能で、頭皮をいたわりながらドライ。 メーカー商品詳細ページはこちら / 理美容・健康・マッサージチェア・シャワーヘッド ヘアケア・ヘッドスパ ヘアドライヤー / 家電 ●モード切替:HOT-SCALP-AUTO H/C ●風量調節:5段階 ●メインスイッチ:HOT-COOL-OFF ●イオンスイッチ:イオンバランス(ON-OFF) ●マイナスイオン:イオンバランス ●電圧切替(海外利用可):× ●電源:AC100V 50/60Hz共用 ●消費電力:1200W ●コードの長さ:約1.7m ●寸法:約W19.5×H18.4×D4.7cm(集風器含まず) ●折りたたみ時寸法:約W19.5×H10.4×D4.7cm(集風器含まず) ●質量:約420g(集風器含まず),https://www.edion.com/detail.html?p_cd=00077152343,https://www.edion.com/ito/product/0523/04981747080523/300x300/4981747080523_1.jpg,in_stock,9980,new,コイズミ,4981747080523,美容・健康 > 衛生日用品 > ヘアケア用品 > ヘアスタイリング道具 > ヘアドライヤー,理美容・健康・マッサージチェア・シャワーヘッド > ヘアケア・ヘッドスパ > ヘアドライヤー
4549980860984,パナソニック ヘアカッター 白 ER-GF42-W,カットモード。 ●耳まわりなど難しいカットも手軽にできる「耳まわり&ナチュラルアタッチメント」。 ●切れ味にこだわった「日本製刃」を採用。 ●毛クズ掃除も簡単&清潔「ウォータースルー洗浄」。 メーカー商品詳細ページはこちら / 理美容・健康・マッサージチェア・シャワーヘッド シェーバー・バリカン他 ヘアカッター / 家電 ●電源:充電・交流式 ●電圧:AC100V(50Hz/60 Hz) ●充電時間:8時間 ●連続使用時間:1回のフル充電で約40分 ●寸法:W4.5×H17.8×D3.8cm(アタッチメント含まず) ●質量:約157g( アタッチメント含まず) ●付属品:ACアダプター、掃除用ブラシ、専用オイル,https://www.edion.com/detail.html?p_cd=00079167970,https://www.edion.com/ito/product/0984/04549980860984/300x300/4549980860984_1.jpg,in_stock,5280,new,パナソニック,4549980860984,美容・健康 > 衛生日用品 > シェービング・脱毛 > シェーバー・替刃,理美容・健康・マッサージチェア・シャワーヘッド > シェーバー・バリカン他 > ヘアカッター
4981747080516,コイズミ ハイスピードイオンバランスドライヤー サロンセンス アイボリー KHD-9970/C,5つの風量×3つのモードで好みの風が選べる。 ●イオンバランステクノロジー搭載で、静電気を中和し髪をより美しく。 ●風速約50m/秒。約10万回転/分の高速回転のBLDCモーター搭載。 ●5段階の風量調節×3つのモード切替えで好みの風が選べる。 ●温冷自動切替機能で、キューティクルの広がりを抑えツヤ感アップ。 ●低温風のスカルプ機能で、頭皮をいたわりながらドライ。 メーカー商品詳細ページはこちら / 理美容・健康・マッサージチェア・シャワーヘッド ヘアケア・ヘッドスパ ヘアドライヤー / 家電 ●モード切替:HOT-SCALP-AUTO H/C ●風量調節:5段階 ●メインスイッチ:HOT-COOL-OFF ●イオンスイッチ:イオンバランス(ON-OFF) ●マイナスイオン:イオンバランス ●電圧切替(海外利用可):× ●電源:AC100V 50/60Hz共用 ●消費電力:1200W ●コードの長さ:約1.7m ●寸法:約W19.5×H18.4×D4.7cm(集風器含まず) ●折りたたみ時寸法:約W19.5×H10.4×D4.7cm(集風器含まず) ●質量:約420g(集風器含まず),https://www.edion.com/detail.html?p_cd=00077152336,https://www.edion.com/ito/product/0516/04981747080516/300x300/4981747080516_1.jpg,in_stock,9980,new,コイズミ,4981747080516,美容・健康 > 衛生日用品 > ヘアケア用品 > ヘアスタイリング道具 > ヘアドライヤー,理美容・健康・マッサージチェア・シャワーヘッド > ヘアケア・ヘッドスパ > ヘアドライヤー
4547441432763,パナソニック メンズシェーバー用 替刃 外刃 ES8119・8115・8111用 ES9087,●快適な剃り味を楽しんでいただくために、刃は定期的なお取り換えをおすすめします。シェーバーとの適合に関ましては『パナソニック替刃互換一覧』でご確認願います。 メーカー商品詳細ページはこちら / 理美容・健康・マッサージチェア・シャワーヘッド シェーバー・バリカン他 シェーバー替え刃 / 家電 ●2007年9月25日発売,https://www.edion.com/detail.html?p_cd=00010311219,https://www.edion.com/ito/product/2763/04547441432763/300x300/4547441432763_1.jpg,in_stock,2623,new,パナソニック,4547441432763,美容・健康 > 衛生日用品 > シェービング・脱毛 > シェーバー・替刃,理美容・健康・マッサージチェア・シャワーヘッド > シェーバー・バリカン他 > シェーバー替え刃
4549980980040,パナソニック シェーバー ラムダッシュ 3枚刃 ブラック ES-L321W-K,"""●3枚刃×リニアモーター約13,000ストローク/分=約39,000カットアクション/分でパワフルに剃りきる。 ●ウォータースルー洗浄。 メーカー商品詳細ページはこちら / 理美容・健康・マッサージチェア・シャワーヘッド シェーバー・バリカン他 シェーバー 3枚刃シェーバー / 家電 ●刃の枚数:3枚刃 ●電源方式:充電式 ●電源:AC100~240V(海外利用可) ●急速充電時間:60分 ●使用日数:約14日間(1日1回3分として) ●寸法:W6.4×H15.5×D5.0cm ●質量:約145g(キャップ除く)""",https://www.edion.com/detail.html?p_cd=00082733711,https://www.edion.com/ito/product/0040/04549980980040/300x300/4549980980040_1.jpg,in_stock,11980,new,パナソニック,4549980980040,美容・健康 > 衛生日用品 > シェービング・脱毛 > シェーバー・替刃,理美容・健康・マッサージチェア・シャワーヘッド > シェーバー・バリカン他 > シェーバー > 3枚刃シェーバー
4571607690902,SALONIA スピーディーイオンドライヤー メロウクリームイエロー SAL24013-MY,2025年春夏 台数限定カラー。 ●スピーディー乾燥。2.3m3/min ※大風量。より強い風で速乾を実現。※ノズル装着TURBO時 ※SALONIA社測定による ●髪に嬉しいマイナスイオン機能を搭載。 ●折りたたみ式なので、コンパクトで収納や持ち運びなどにも便利。 メーカー商品詳細ページはこちら / 理美容・健康・マッサージチェア・シャワーヘッド ヘアケア・ヘッドスパ ヘアドライヤー / 家電 ●モード切替:TURBO、SET、COOL ●温風温度:約80℃(TURBO・室温30℃・ノズル装着なし)、約103℃ (TURBO・室温30℃・ノズル装着時) ●風量:2.3m3/min ●マイナスイオン:〇 ●ヘアケア(低温):〇 ●電源:AC100V 50/60Hz ●定格消費電力:1200W (TURBO時) ●コード長:約1.7m ●消費電力:1200W ●寸法:20.2×7.5×19.9cm(使用時、ノズル装着時)、20.2×7.5×13.1cm(折りたたみ時、ノズル装着時) ●質量:495g,https://www.edion.com/detail.html?p_cd=00081424207,https://www.edion.com/ito/product/0902/04571607690902/300x300/4571607690902_1.jpg,in_stock,4980,new,SALONIA,4571607690902,美容・健康 > 衛生日用品 > ヘアケア用品 > ヘアスタイリング道具 > ヘアドライヤー,理美容・健康・マッサージチェア・シャワーヘッド > ヘアケア・ヘッドスパ > ヘアドライヤー
4988338221822,クレイツ カールヘアーアイロン(32mm) ホワイト アフロート クレイツイオン エスペシャルカールII 32mm CICIW32SRM,弾むような極上カールを瞬時に叶える、機能性を高めたカールアイロン。 ●仕上がりの美しさはもちろん、女性の魅力をアップさせるプロ仕様のカールアイロン。 ●プレート&パイプ表面には、髪滑りが良い「クレイツイオン®ゴールド」加工を、また、パイプ部には弾性に優れた「クレイツイオン®シリコンラバー」を搭載。髪に優しくフィットしながら、適度なテンションをかけることができ、しなやかでツヤのある弾むようなカールを実現します。 ●手滑りを防ぎ、アイロン操作をしやすくします。 ●髪質に合わせて120℃~200℃まで20℃毎の5段階温度調節が可能。 ●軽やかなふんわりカールに最適。 メーカー商品詳細ページはこちら / 理美容・健康・マッサージチェア・シャワーヘッド ヘアケア・ヘッドスパ ヘアアイロン カールヘアアイロン / 家電 ●加工仕上:[プレート部]クレイツイオン(R)ゴールド加工 [パイプ部]クレイツイオン(R)ゴールド加工、クレイツイオン(R)シリコンラバー加工 ●機能:カール、誤作動防止機能 ●温度調節:5段階/120-140-160-180-200℃ ●最高温度:200℃ ●自動電源OFF機能:最後のボタン操作から約1時間後に電源OFF ●電源:単相100-240V AC(海外兼用) ●消費電力:44-57W ●コードの長さ:約2.0m ●パイプのサイズ:3.2cm ●パイプの長さ:約13.5cm ●寸法:W5.0×H8.0×L34.0cm ●本体質量:約380g(コード込)、約270g(本体のみ) ●付属品:プロテクトバンド、海外兼用プラグ,https://www.edion.com/detail.html?p_cd=00050186037,https://www.edion.com/ito/product/1822/04988338221822/300x300/4988338221822_1.jpg,in_stock,9801,new,クレイツ,4988338221822,美容・健康 > 衛生日用品 > ヘアケア用品 > ヘアスタイリング道具,理美容・健康・マッサージチェア・シャワーヘッド > ヘアケア・ヘッドスパ > ヘアアイロン > カールヘアアイロン
4988338221570,クレイツ ストレートへアーアイロン アフロート クレイツイオン エスペシャルストレートII ホワイト CIS-W893N,美のカリスマが追及した、究極のストレートヘアアイロン。 ●しなやかになびく髪、輝きあるれるツヤを再現します。 ●「誰でも簡単にサロン並みのスタイルを実現できるもの」をコンセプトに、よりクオリティの高い仕上がりやスタイルのデザイン性を追求したプロ仕様のストレートヘアアイロン。 ●プレート表面に、髪滑りが良い「クレイツイオン®ゴールド」加工を採用。また、プレート部に搭載「特殊ラバー」が毛髪を隙間なく挟んで通すことで効果的にストレートヘアをつくることができ、スタイリング時間の短縮も可能です。 ●薄めの本体ヘッド部が、髪の根元や細部のスタイリングも可能にします。また、プレート横のサイドコームが毛流れを整えます。 ●髪質に合わせ、100℃~210℃まで10℃毎の12段階温度調節が可能。 ●レバーロックで、使用後アイロンを閉じた状態で収納することができます。 ●上品なワンカールストレート。 メーカー商品詳細ページはこちら / 理美容・健康・マッサージチェア・シャワーヘッド ヘアケア・ヘッドスパ ヘアアイロン ストレートヘアアイロン / 家電 ●加工仕上:[プレート部]クレイツイオン®ゴールド加工・特殊ラバー加工 ●温度調節:12段階/100-110-120-130-140-150-160-170-180-190-200-210℃ ●最高温度:210℃ ●自動電源OFF機能:最後のボタン操作から約1時間後に電源OFF ●その他機能:ストレート、誤作動防止機能 ●電源:100V AC(海外利用不可) ●消費電力:154W ●コードの長さ:約2.0m ●プレート幅:約2.5cm ●プレートの長さ:約9.0cm ●寸法:W3.0×H3.5×L28.0cm ●本体質量:約325g(コード込)、約225g(本体のみ),https://www.edion.com/detail.html?p_cd=00046748843,https://www.edion.com/ito/product/1570/04988338221570/300x300/4988338221570_1.jpg,in_stock,9801,new,クレイツ,4988338221570,美容・健康 > 衛生日用品 > ヘアケア用品 > ヘアスタイリング道具,理美容・健康・マッサージチェア・シャワーヘッド > ヘアケア・ヘッドスパ > ヘアアイロン > ストレートヘアアイロン
4975302157027,テスコム プロテクトイオン ヘアドライヤー レッド TD570AR,"""●大風量×大風圧×ハイパワーのベストバランスを追及することで、”速乾”を実現しています。 ●シリーズ史上最軽量 約455g(セットフード付)。従来機種からサイズは約11%小型化※3、質量は約8%※3軽量化を実現し、ロングヘアや毛量の多い方でも疲れにくく快適なドライを提供します。※3:従来機種 TID2400Bと体積、質量比較。テスコム社測定法による。 ●風量3段階からお好みの風を設定できます。また、クールショットスイッチ搭載で、冷風/温風をワンタッチで切り替えられます。 ●マイナスイオンとプラスイオンを同時に放出し、それぞれのイオン※3が髪に働いて、髪の広がりや傷みの一因となる静電気を抑制します。また、髪のツヤもアップ※4します。※3:放出イオン量 約1,000万個/cm3以上※4:テスコム社測定法/テスコム社比較検証法による。 ●1965年の創業以来、テスコムが製造・開発してきた業務用ドライヤーNobbyは、高い性能からサロンシェアNo.1※1を獲得。テスコムの家庭用ドライヤーには、その技術力が生かされています。※1:テスコムのサロン専用ブランド「Nobby(ノビー)」はヘアサロンドライヤーシェアNo.1です。 (2022年2-3月 株式会社セイファート調べ) ●お手入れしやすいインレット構造です。 ※5大風量を維持するために必要な、吸い込み口のお掃除。ほこりや髪の毛をさっと取り除くことが可能です。※5:インレットのお手入れは、掃除機で吸うか、よく絞ったタオル等でふき取ってください ●ラク抜きプラグを採用。レバーを押すだけでコンセントから簡単に抜けます。 メーカー商品詳細ページはこちら / 理美容・健康・マッサージチェア・シャワーヘッド ヘアケア・ヘッドスパ ヘアドライヤー / 家電 ●モード切替:TURBO、DRY、SET、クールショットスイッチ ●風量:2.3m3/分(TURBO時) ●温風温度:100℃(周囲温度30℃の場合。DRY時) ●搭載イオン:プロテクトイオン ●電圧切替(海外利用可):× ●消費電力:1300W ●電源:AC100V 50/60Hz ●寸法:W16.5×H21.5×D7.7cm(本体のみ)、W21.0×H21.5×D7.7cm(フード付き) ●質量:435g(本体のみ)、455g (フード付き) ●付属品:セットフード""",https://www.edion.com/detail.html?p_cd=00078022867,https://www.edion.com/ito/product/7027/04975302157027/300x300/4975302157027_1.jpg,in_stock,5980,new,テスコム,4975302157027,美容・健康 > 衛生日用品 > ヘアケア用品 > ヘアスタイリング道具 > ヘアドライヤー,理美容・健康・マッサージチェア・シャワーヘッド > ヘアケア・ヘッドスパ > ヘアドライヤー
4987176328809,ブラウン 3枚刃シェーバー シリーズ5 ブルー 53-B12000S,お風呂でも手軽に「ひと剃り」ブラウン シリーズ5は、3連密着ブレードを搭載したシェーバーで、肌の凹凸に刃がしっかり密着。簡単に深剃りを実現します。さらに防水設計なので、お風呂でも活躍。お風呂剃りなら、ブラウン。 ●独立して浮き沈みする3連密着ブレードが、肌の凹凸にしっかりフィットし、深剃りを実現。 ●人工知能テクノロジーがヒゲの濃さを読み取り、毎秒13回自動でパワーを調節することで、濃い部分も快適にシェービングできる。 ●ヘッドを外さず簡単に洗えるクイック洗浄システムを搭載し、お手入れも手軽。 ●時短剃りを可能にするターボモードで忙しい朝にも最適。 ●キワゾリトリマー付きで長いヒゲやもみあげも整えやすく、100%防水設計のためお風呂剃りにも対応する。 メーカー商品詳細ページはこちら / 理美容・健康・マッサージチェア・シャワーヘッド シェーバー・バリカン他 シェーバー 3枚刃シェーバー / 家電 ●刃の枚数:3枚刃 ●電源方式:充電式 ●電源:AC100~240V ●急速充電時間:1時間 ●使用日数:約17日間(1日1回3分として) ●寸法:W6.4×H16.6×D5.1cm ●質量:約173g,https://www.edion.com/detail.html?p_cd=00085031715,https://www.edion.com/ito/product/8809/04987176328809/300x300/4987176328809_1.jpg,in_stock,10980,new,ブラウン,4987176328809,美容・健康 > 衛生日用品 > シェービング・脱毛 > シェーバー・替刃,理美容・健康・マッサージチェア・シャワーヘッド > シェーバー・バリカン他 > シェーバー > 3枚刃シェーバー
4975302150042,テスコム プロフェッショナルプロテクトイオンヘアドライヤー スモーキーグレー NIB500B-H,"""プロ仕様のパワフルな速乾力が、さらにグレードアップ。 ●サロンシェアNo.1(※)ブランド『Nobby』から生まれたNobby by TESCOM。洗練されたデザインとともに、「私にできる、サロンクオリティ。」をコンセプトにプロの技をご自宅でリアルに再現できる機能を搭載しました。 ※ドライヤーにおいて、2024年3-6月株式会社セイファート調べ ●※Nobby(ノビー)はテスコムのサロン専用ブランドです。 ●プロ用に独自開発した「シロッコファン」で大風圧・大風速を実現。78枚の羽根それぞれが曲面を持ち、空気をすくって力強く押し出す独自設計に。髪の根元を持ち上げ地肌からしっかりと乾かし、仕上がりに差がつきます。 ●プロテクトイオン搭載で、髪のツヤをアップ。マイナスイオンとプラスイオンを同時に放出することで、それぞれのイオンが髪に働いて、髪の広がりや傷みの一因となる静電気を抑制します。 ※放出イオン量:約1,000万個/cm3以上。テスコム社測定法/テスコム社比較法による ●軽量・高耐久・長寿命にグレードアップ。プロ用ブラシレスDCモーター搭載により、パワフルで安定した風を送り続けられます。 ●従来のDCモーターより小型化されたブラシレスDCモーター搭載で、スリム&軽量化。従来機種と比べ製品の奥行が14mmスリムに、さらに180g軽くなりました。操作がしやすく、疲れにくいため快適にヘアドライができます。 ※テスコム社従来品NIB3001との比較。 ●温度と風量を選べる2つのスイッチを搭載。乾きづらい根元は一気に乾かし、痛みの気になる毛先は低温でいたわりドライ。プロの乾かし方を再現して、サロン帰りのツヤ髪へ導きます。 ●温風冷風の自動切り替えと独自の風速で、美しい仕上がりに。髪のまとまりと速乾のバランスに優れた風速で、温風と冷風を一定間隔で自動的に切り替えるモードを搭載。温風と冷風を交互に当て、最適な風速で乾かすことで、髪のツヤ10%アップ。 ●※TURBO-HIGHとの比較。テスコム社測定法/テスコム社比較法による。ご使用方法や髪質によって個人差があります。 ●付属のセットフードは、フードとブラシで髪を挟み込みやすい形状に。プロの仕上げのような、安定したブローを自分で行えます。 ●※使用中・使用後は高温のためさわらないでください。 ●※樹脂製のブロー用ブラシを使用してください。耐熱温度110℃以上のブラシを推奨。獣毛や木製・金属製のブラシは使用できません。 ●※フードをブラシに強く押しあてるとピンが変形する恐れがあります。 ●付属のスタンドを使って両手で乾かすことができます。ロングヘアでも疲れず快適に乾かせます。使った後は立てて収納でき、スペースを取りません。 ●従来のフィルターに比べ、耐久性の高い高性能フィルターを採用。お手入れがしやすく水洗いも簡単に行えます。 ●使いやすいラク抜きプラグ。力の弱い方やお年寄り、爪の長い方やネイルをしている方でも、レバーを押すだけで簡単にプラグを抜くことができます。 メーカー商品詳細ページはこちら / 理美容・健康・マッサージチェア・シャワーヘッド ヘアケア・ヘッドスパ ヘアドライヤー / 家電 ●電源:AC100V 50/60Hz ●消費電力:1300W ●温風温度:120℃(周囲温度30℃の場合、BOOST-HIGH時) ●コンセントタイプ:風量切替スイッチ BOOST/TURBO/SET/OFF、温度切替スイッチ HIGH/LOW/COOL、温冷自動切替スイッチ ON/OFF ●コード長:1.7m ●寸法:約W24.5×H22.6×D8.1cm(本体のみ)、約W29.9×H22.6×D8.1cm(セットフード付き) ●質量:620g(本体のみ)、650g(セットフード付き) ●付属品:セットフード、スタンド""",https://www.edion.com/detail.html?p_cd=00080362609,https://www.edion.com/ito/product/0042/04975302150042/300x300/4975302150042_1.jpg,in_stock,14950,new,テスコム,4975302150042,美容・健康 > 衛生日用品 > ヘアケア用品 > ヘアスタイリング道具 > ヘアドライヤー,理美容・健康・マッサージチェア・シャワーヘッド > ヘアケア・ヘッドスパ > ヘアドライヤー
4987176269775,ブラウン シリーズ9 Pro+ シルバー 9657CC,●10年ぶりに刃のイノベーションが入り、深剃りの質がさらに高くなる。 ●極薄ハイブリッド刃。 ●プロスマートセンサーテクノロジー(旧呼称:人工知能テクノロジー)がアップグレード。 ●アドバンスドディスプレイがさらにわかりやすく。 ●替刃交換・洗浄おすすめタイミングを表示。 ●新プロスマートセンサーテクノロジーアイコンを追加。 メーカー商品詳細ページはこちら / 理美容・健康・マッサージチェア・シャワーヘッド シェーバー・バリカン他 シェーバー 4枚刃シェーバー / 家電 ●刃の枚数:4枚刃 ●電源方式:充電式 ●電源:100-240V ●急速充電時間:5分間 ●使用日数:約20日(1日1回3分として) ●寸法:W4.4×H16.8×D6.6cm ●質量:約207g,https://www.edion.com/detail.html?p_cd=00083590191,https://www.edion.com/ito/product/9775/04987176269775/300x300/4987176269775_1.jpg,in_stock,49229,new,ブラウン,4987176269775,美容・健康 > 衛生日用品 > シェービング・脱毛 > シェーバー・替刃,理美容・健康・マッサージチェア・シャワーヘッド > シェーバー・バリカン他 > シェーバー > 4枚刃シェーバー
4550719001462,パナソニック ヘアードライヤー イオニティ アイスブルー EH-NE7N-A,速乾・大風量でパワフルドライ。ダブルミネラル&マイナスイオン。 ●速乾・大風量でパワフルドライ。 ●ダブルミネラル&マイナスイオンで、キューティクルを密着ケア。UV・摩擦ダメージ抑制しながら、指通りのよいさらさら髪へ。 ●髪をいたわりながら乾燥、低温ケアモード搭載。 メーカー商品詳細ページはこちら / 理美容・健康・マッサージチェア・シャワーヘッド ヘアケア・ヘッドスパ ヘアドライヤー / 家電 ●モード切替:TURBO、CARE、COLD ●風量:1.6m3/分(吹出口風量) ●マイナスイオン:〇 ●ヘアケア(低温):〇 ●消費電力:1200W ●寸法:W18.4×H21.8×D8.5cm ●質量:約550g,https://www.edion.com/detail.html?p_cd=00083479656,https://www.edion.com/ito/product/1462/04550719001462/300x300/4550719001462_1.jpg,in_stock,10280,new,パナソニック,4550719001462,美容・健康 > 衛生日用品 > ヘアケア用品 > ヘアスタイリング道具 > ヘアドライヤー,理美容・健康・マッサージチェア・シャワーヘッド > ヘアケア・ヘッドスパ > ヘアドライヤー
4975302150035,テスコム プロフェッショナルプロテクトイオンヘアドライヤー ホワイトアッシュ NIB500B-W,"""プロ仕様のパワフルな速乾力が、さらにグレードアップ。 ●サロンシェアNo.1(※)ブランド『Nobby』から生まれたNobby by TESCOM。洗練されたデザインとともに、「私にできる、サロンクオリティ。」をコンセプトにプロの技をご自宅でリアルに再現できる機能を搭載しました。 ※ドライヤーにおいて、2024年3-6月株式会社セイファート調べ ●※Nobby(ノビー)はテスコムのサロン専用ブランドです。 ●プロ用に独自開発した「シロッコファン」で大風圧・大風速を実現。78枚の羽根それぞれが曲面を持ち、空気をすくって力強く押し出す独自設計に。髪の根元を持ち上げ地肌からしっかりと乾かし、仕上がりに差がつきます。 ●プロテクトイオン搭載で、髪のツヤをアップ。マイナスイオンとプラスイオンを同時に放出することで、それぞれのイオンが髪に働いて、髪の広がりや傷みの一因となる静電気を抑制します。 ※放出イオン量:約1,000万個/cm3以上。テスコム社測定法/テスコム社比較法による ●軽量・高耐久・長寿命にグレードアップ。プロ用ブラシレスDCモーター搭載により、パワフルで安定した風を送り続けられます。 ●従来のDCモーターより小型化されたブラシレスDCモーター搭載で、スリム&軽量化。従来機種と比べ製品の奥行が14mmスリムに、さらに180g軽くなりました。操作がしやすく、疲れにくいため快適にヘアドライができます。 ※テスコム社従来品NIB3001との比較。 ●温度と風量を選べる2つのスイッチを搭載。乾きづらい根元は一気に乾かし、痛みの気になる毛先は低温でいたわりドライ。プロの乾かし方を再現して、サロン帰りのツヤ髪へ導きます。 ●温風冷風の自動切り替えと独自の風速で、美しい仕上がりに。髪のまとまりと速乾のバランスに優れた風速で、温風と冷風を一定間隔で自動的に切り替えるモードを搭載。温風と冷風を交互に当て、最適な風速で乾かすことで、髪のツヤ10%アップ。 ●※TURBO-HIGHとの比較。テスコム社測定法/テスコム社比較法による。ご使用方法や髪質によって個人差があります。 ●付属のセットフードは、フードとブラシで髪を挟み込みやすい形状に。プロの仕上げのような、安定したブローを自分で行えます。 ●※使用中・使用後は高温のためさわらないでください。 ●※樹脂製のブロー用ブラシを使用してください。耐熱温度110℃以上のブラシを推奨。獣毛や木製・金属製のブラシは使用できません。 ●※フードをブラシに強く押しあてるとピンが変形する恐れがあります。 ●付属のスタンドを使って両手で乾かすことができます。ロングヘアでも疲れず快適に乾かせます。使った後は立てて収納でき、スペースを取りません。 ●従来のフィルターに比べ、耐久性の高い高性能フィルターを採用。お手入れがしやすく水洗いも簡単に行えます。 ●使いやすいラク抜きプラグ。力の弱い方やお年寄り、爪の長い方やネイルをしている方でも、レバーを押すだけで簡単にプラグを抜くことができます。 メーカー商品詳細ページはこちら / 理美容・健康・マッサージチェア・シャワーヘッド ヘアケア・ヘッドスパ ヘアドライヤー / 家電 ●電源:AC100V 50/60Hz ●消費電力:1300W ●温風温度:120℃(周囲温度30℃の場合、BOOST-HIGH時) ●コンセントタイプ:風量切替スイッチ BOOST/TURBO/SET/OFF、温度切替スイッチ HIGH/LOW/COOL、温冷自動切替スイッチ ON/OFF ●コード長:1.7m ●寸法:約W24.5×H22.6×D8.1cm(本体のみ)、約W29.9×H22.6×D8.1cm(セットフード付き) ●質量:620g(本体のみ)、650g(セットフード付き) ●付属品:セットフード、スタンド""",https://www.edion.com/detail.html?p_cd=00080362623,https://www.edion.com/ito/product/0035/04975302150035/300x300/4975302150035_1.jpg,in_stock,14950,new,テスコム,4975302150035,美容・健康 > 衛生日用品 > ヘアケア用品 > ヘアスタイリング道具 > ヘアドライヤー,理美容・健康・マッサージチェア・シャワーヘッド > ヘアケア・ヘッドスパ > ヘアドライヤー
4550556143851,シャープ プラズマクラスタードレープフロードライヤー Plasmacluster Beauty ホワイト系ルミナスホワイト IB-WX902W,"""プラズマクラスタードライヤー。 ●速乾・美髪への新しいアプローチ。根元から乾く、うるおってツヤめく。 ●髪の根元まで広く深く風を届けて速乾。 ・4つの吹出口からスピーディな風を出す「ドレープフローX4」で、濡れた髪を立体的に押し分けて根元や広範囲に風を届け、ドライ時間約35%短縮。(シャープドレープフロー非搭載機種IB-RP9[2022年]との比較)(効果は使用状況や個人差等により異なります。) ●プラズマクラスターでうるおいコーティング。 ・水分子に包まれたイオンが、髪表面をうるおいでコーティング。保湿効果を高め、キューティクルを引き締めて、ダメージに強いしなやかな髪へと導きます。イオン濃度もさらにアップしました。 (シャープIB-P601[2023年]との比較)。 ●プラズマクラスターで摩擦ダメージを抑える。 ・プラスとマイナス両方のイオンで、髪とブラシ、それぞれに発生する静電気をスピーディに抑えて摩擦ダメージを抑制。キューティクルをまもり、サラリとしたまとまりのある髪へと仕上げます。さらに枝毛・切れ毛を抑えてカラーリングも長持ちします。 ●SENSINGモードで熱ダメージから髪をまもる。 ・髪との距離をセンシングし、風の温度をコントロール。ドライヤーを近づけても髪が熱くなることを防ぎ、熱ダメージや過乾燥から髪をまもります。 ●GENTLEモードで小さなお子様の髪もやさしく乾かす。 ・SET(風量小)よりも風量を抑え、風の温度を低めに。さらにドライヤーと髪が近づきすぎると冷風に切り替わる安心設計。大きな送風音に敏感なお子様に配慮した、やさしくヘアドライ できる新しいモードです。前髪などの部分的なスタイリングの仕上げにもおすすめです。 ●BEAUTYモードでツヤ仕上げ、もっと輝く髪へ。 ・温風(7秒)×冷風(5秒)を自動で交互に吹き出すことで、キューティクルを引き締めツヤ髪に仕上げます。また、周辺温度をセンサーで感知し、最適な温度帯に自動で設定します。 ●髪と地肌を思いやる、多彩なモード。 ・多彩なモードを切り替えて髪を乾かせば、髪と頭皮をいたわりながら美しく仕上げることができます。仕上げにはワンプッシュで切り替わる[COLD]がおススメです。 ●アプリとの連携でドライモードをカスタマイズできる、APPモード。 ・好きな[温度帯]×[時間]の組合せで、乾かす風を自分好みの心地よいドライモードにカスタマイズできる美髪アプリ[プラズマクラスタービューティアプリ]に対応。好みの仕上がりを選べば理想的なドライモードを案内するコンシェルメニューも充実しています。 ●スリムなデザインで速乾をサポート。 ・スリムなデザインだから、ヘアドライ時の腕の動きもコンパクトに。さらに握りやすいハンドルや片手で切り替えやすいボタンやスイッチなど、スムーズな操作ができる設計です。ヘアドライ中の手首負担も約71%軽減(シャープIB-RP9[2022年]との比較)。 / 理美容・健康・マッサージチェア・シャワーヘッド ヘアケア・ヘッドスパ ヘアドライヤー / 家電 ●モード切替:HOT / SENSING / BEAUTY /SCALP / COLD / GENTLE / APP(アプリ対応) ●温風温度:約95℃(HOT/DRY運転時、室温30℃) ●風量:約7.4m3/分(TURBO運転時) ●マイナスイオン:〇 ●ナノイオン:× ●ヘアケア(低温):〇 ●静音タイプ:× ●電源:AC100V 50Hz-60Hz ●消費電力:1,200W(HOT/TURBO運転時) ●電圧切替(海外利用可):× ●電源コード長さ:約1.7m ●寸法:W8.0×H25.0×D6.3cm ●質量:約515g ●付属品:ユニット清掃ブラシ・ストラップ・取扱説明書""",https://www.edion.com/detail.html?p_cd=00079130806,https://www.edion.com/ito/product/3851/04550556143851/300x300/4550556143851_1.jpg,in_stock,39800,new,シャープ,4550556143851,美容・健康 > 衛生日用品 > ヘアケア用品 > ヘアスタイリング道具 > ヘアドライヤー,理美容・健康・マッサージチェア・シャワーヘッド > ヘアケア・ヘッドスパ > ヘアドライヤー
4967576618953,アイリスオーヤマ イオンドライヤー ラベンダー HDR-M101-V,●大風量2.0m3/分で、忙しい朝も疲れた夜もサッと乾かせます。 ※TURBO時・ノズルなし(アイリスオーヤマ社調べ)。 ●マイナスイオン搭載で、髪がまとまる髪に優しいイオンドライヤーです。 ※使用環境(季節・温度など)や個人差により効果は異なります。 ●3モード搭載(TURBO・SET・COOL)で、用途に合わせて使い分けられます。 ●髪をセットする時に便利なノズルを付属、取り付けると風の向きをしぼって当てることができます。 ●折りたたみ式で、収納や持ち運びにも便利です。 ●4カラー展開のため、お好みに合わせてお選びいただけます。 ●※画像はイメージです。 メーカー商品詳細ページはこちら / 理美容・健康・マッサージチェア・シャワーヘッド ヘアケア・ヘッドスパ ヘアドライヤー / 家電 ●モード切替:TURBO、SET、COOL ●風量:2.0m3/分 ●マイナスイオン:○ ●ナノイオン:× ●ヘアケア(低温):○ ●静音タイプ:× ●電圧切替(海外利用可):× ●電源:AC100V、50/60Hz ●消費電力:1200W(TURBO) ●電源コード長さ:約1.8m ●寸法:約W13.7×H21.4×D7.6cm(本体のみ、電源コード除く) ●質量:約485g(本体のみ) ●付属品:ノズル,https://www.edion.com/detail.html?p_cd=00073177524,https://www.edion.com/ito/product/8953/04967576618953/300x300/4967576618953_1.jpg,in_stock,4418,new,アイリスオーヤマ,4967576618953,美容・健康 > 衛生日用品 > ヘアケア用品 > ヘアスタイリング道具 > ヘアドライヤー,理美容・健康・マッサージチェア・シャワーヘッド > ヘアケア・ヘッドスパ > ヘアドライヤー
4987176269737,ブラウン シリーズ9 Pro+ マットブラック 9680CC,●10年ぶりに刃のイノベーションが入り、深剃りの質がさらに高くなる。 ●極薄ハイブリッド刃。 ●プロスマートセンサーテクノロジー(旧呼称:人工知能テクノロジー)がアップグレード。 ●アドバンスドディスプレイがさらにわかりやすく。 ●替刃交換・洗浄おすすめタイミングを表示。 ●新プロスマートセンサーテクノロジーアイコンを追加。 メーカー商品詳細ページはこちら / 理美容・健康・マッサージチェア・シャワーヘッド シェーバー・バリカン他 シェーバー 4枚刃シェーバー / 家電 ●刃の枚数:4枚刃 ●電源方式:充電式 ●電源:100-240V ●急速充電時間:5分間 ●使用日数:約20日(1日1回3分として) ●寸法:W4.4×H16.8×D6.6cm ●質量:約207g,https://www.edion.com/detail.html?p_cd=00083590153,https://www.edion.com/ito/product/9737/04987176269737/300x300/4987176269737_1.jpg,in_stock,75091,new,ブラウン,4987176269737,美容・健康 > 衛生日用品 > シェービング・脱毛 > シェーバー・替刃,理美容・健康・マッサージチェア・シャワーヘッド > シェーバー・バリカン他 > シェーバー > 4枚刃シェーバー
4580383620058,SALONIA ダブルイオン ストレートアイロン(24mm) ブラック SL-004S,●こだわり抜いた、最高のストレート。 ●チタニウムプレート+マイナスイオン噴射口のダブルでマイナスイオンを発生のダブルマイナスイオン。 ●クッションプレート。 ●チタニウムプレート。 ●オートパワーOFF。 ●海外対応 (100-240V対応) メーカー商品詳細ページはこちら / 理美容・健康・マッサージチェア・シャワーヘッド ヘアケア・ヘッドスパ ヘアアイロン ストレートヘアアイロン / 家電 ●最高温度:230℃ ●プレート温度:120℃~230℃ ●電源:AC100V~240V ●消費電力:40W(50/60Hz) ●電圧切替(海外利用可):○ ●プレートサイズ:2.4×9.2cm ●寸法:本体/W30×H28.5×D3.5cm ●質量:約345g,https://www.edion.com/detail.html?p_cd=00045784484,https://www.edion.com/ito/product/0058/04580383620058/300x300/4580383620058_1.jpg,in_stock,3828,new,SALONIA,4580383620058,美容・健康 > 衛生日用品 > ヘアケア用品 > ヘアスタイリング道具,理美容・健康・マッサージチェア・シャワーヘッド > ヘアケア・ヘッドスパ > ヘアアイロン > ストレートヘアアイロン
8720689024068,フィリップス 3枚刃シェーバー Shaver 3000X Series セレスティアルブルー X3003/00,簡単お手入れ。 ●パワーカット刃。 ●ウェット&ドライシェービング。 ●ポップアップトリマー。 ●USB Type A充電方式。(※電源アダプターは同梱されていません。) ●4D フレックスヘッド。 ●低アレルギー性の刃を使用。 ●ワンタッチオープン。 ●本体丸洗い可能。 メーカー商品詳細ページはこちら / 理美容・健康・マッサージチェア・シャワーヘッド シェーバー・バリカン他 シェーバー 回転刃シェーバー / 家電 ●刃の枚数:3枚刃 ●電源方式:充電式 ●使用時間約40分 ●充電時間:約1時間 ●使用日数:約13日間(1日1回3分として) ●寸法:W5.8×H16.0×D5.6cm ●質量:約186g,https://www.edion.com/detail.html?p_cd=00077469588,https://www.edion.com/ito/product/4068/08720689024068/300x300/8720689024068_1.jpg,in_stock,7300,new,フィリップス,8720689024068,美容・健康 > 衛生日用品 > シェービング・脱毛 > シェーバー・替刃,理美容・健康・マッサージチェア・シャワーヘッド > シェーバー・バリカン他 > シェーバー > 回転刃シェーバー
4571607690896,SALONIA スピーディーイオンドライヤー SALONIA メロウコーラルピンク SAL24013-PM,2025年春夏 台数限定カラー。 ●スピーディー乾燥。2.3m3/min ※大風量。より強い風で速乾を実現。※ノズル装着TURBO時 ※SALONIA社測定による ●髪に嬉しいマイナスイオン機能を搭載。 ●折りたたみ式なので、コンパクトで収納や持ち運びなどにも便利。 / 理美容・健康・マッサージチェア・シャワーヘッド ヘアケア・ヘッドスパ ヘアドライヤー / 家電 ●モード切替:TURBO、SET、COOL ●温風温度:約80℃(TURBO・室温30℃・ノズル装着なし)、約103℃ (TURBO・室温30℃・ノズル装着時) ●風量:2.3m3/min ●マイナスイオン:〇 ●ヘアケア(低温):〇 ●電源:AC100V 50/60Hz ●定格消費電力:1200W (TURBO時) ●コード長:約1.7m ●消費電力:1200W ●寸法:20.2×7.5×19.9cm(使用時、ノズル装着時)、20.2×7.5×13.1cm(折りたたみ時、ノズル装着時) ●質量:495g,https://www.edion.com/detail.html?p_cd=00081424214,https://www.edion.com/ito/product/0896/04571607690896/300x300/4571607690896_1.jpg,in_stock,4980,new,SALONIA,4571607690896,美容・健康 > 衛生日用品 > ヘアケア用品 > ヘアスタイリング道具 > ヘアドライヤー,理美容・健康・マッサージチェア・シャワーヘッド > ヘアケア・ヘッドスパ > ヘアドライヤー
4987176266774,ブラウン 4枚刃シェーバー(洗浄器付) オリジナル シリーズ9PRO+ ブラック 9560CC-V,"""ポーチ付属。 ●一般の市販モデル(型番:9560cc)をベースに仕様変更・追加したオリジナルモデル! 【オリジナル仕様】 ●オリジナルカラー 【その他おすすめ仕様】 ●深剃りと肌へのやさしさを両立した究極の髭剃り体験を実現。 ●アゴ下さえも、肌下マイナス0.01mmの深剃り。夕方ヒゲ、ゼロへ。 ●アゴ下PRO密着ヘッド。 ●音波振動テクノロジーによる毎分10,000回の振動が摩擦を軽減。 ●人工知能テクノロジーが毎秒13回ヒゲの濃さを読み取り、自動でパワーを調節。 ●ブラウンだけのアルコール洗浄。 ●お風呂剃り対応。 ●フル充電で60分使用可能。 ●付属品ポーチ付き。 / 理美容・健康・マッサージチェア・シャワーヘッド シェーバー・バリカン他 シェーバー 4枚刃シェーバー / 家電 ●刃の枚数:4枚刃 ●電源方式:充電式 ●電源:AC100V-240V ●充電時間:約1時間 ●使用日数:約20日間(1日1回3分として) ●寸法:W6.6×H16.8×D4.4cm ●質量:約207g ●付属品:洗浄器、洗浄液、ファブリックケース、ポーチ、ブラシ、専用コード""",https://www.edion.com/detail.html?p_cd=00079108027,https://www.edion.com/ito/product/6774/04987176266774/300x300/4987176266774_1.jpg,in_stock,39800,new,ブラウン,4987176266774,美容・健康 > 衛生日用品 > シェービング・脱毛 > シェーバー・替刃,理美容・健康・マッサージチェア・シャワーヘッド > シェーバー・バリカン他 > シェーバー > 4枚刃シェーバー
4987176283986,ブラウン 4枚刃シェーバー シリーズ9 スポーツ+ アトリエブラック 9350CC,多彩な刃の組み合わせであらゆるヒゲをとらえる独自の設計。 ●5カットシステム:多彩な刃の組み合わせであらゆるヒゲをとらえる独自の設計 ・異なる5つカットシステムが融合し、寝たヒゲやくせヒゲを確実に捉え、一度で剃りきる ●人工知能テクノロジー ・毎秒13回のスピードでヒゲの濃さを読み取り、自動対応でパワーを調節。一人ひとりの肌に合ったシェービングを達成します。 ●音波振動テクノロジー ・毎分1万回の振動が肌を震わせ、一度により多くのヒゲを1ストロークでとらえる。肌に余分な負担をかけず、効率的に深剃りします。 ●密着3Dヘッド ・刃がしっかり浮き沈みし、肌への押しつけを和らげ、しっかり肌の凹凸にも密着。また、ヘッドが前後40°に動くことで、顔のあらゆる凹凸にも密着します。 ●ディープキャッチ網刃TM:900種類の網目でどんなヒゲも深剃り ・900パターンの網目が、様々な向きに生えるヒゲをヘッド全体で根元からとらえます。 ●コンフォート内刃:肌を傷めず根元からカット ・鋭角内刃の刃先を2ミクロン内側にカット。刃が肌に触れる面積が少なく、肌を傷めず1ストロークでヒゲを剃り落とす。 メーカー商品詳細ページはこちら / 理美容・健康・マッサージチェア・シャワーヘッド シェーバー・バリカン他 シェーバー 4枚刃シェーバー / 家電 ●刃の枚数:4枚刃 ●電源方式:充電式 ●電源:AC100~240V ●充電時間:1時間 ●寸法:W6.6×H16.8×D4.4cm ●質量:約207g,https://www.edion.com/detail.html?p_cd=00080471448,https://www.edion.com/ito/product/3986/04987176283986/300x300/4987176283986_1.jpg,in_stock,43800,new,ブラウン,4987176283986,美容・健康 > 衛生日用品 > シェービング・脱毛 > シェーバー・替刃,理美容・健康・マッサージチェア・シャワーヘッド > シェーバー・バリカン他 > シェーバー > 4枚刃シェーバー
4550556143899,シャープ プラズマクラスタードライヤー Plasmacluster Beauty ホワイト系ルミナスホワイト IB-P602-W,"""プラズマクラスタードライヤー。 ●使いやすいシンプルな操作で速乾・美髪ケア。 ●熱に頼らず速く乾く、速乾エアロフォルム。 ・大量の速い風を髪の根元に届け、熱に頼らない速乾力を実現。(効果は使用状況や個人差等により異なります。) ●プラズマクラスターでうるおいコーティング。 ・水分子に包まれたイオンが、髪表面をうるおいでコーティング。保湿効果を高め、キューティクルを引き締めて、ダメージに強いしなやかな髪へと導きます。 ●プラズマクラスターで摩擦ダメージを抑える。 ・プラスとマイナス両方のイオンで、髪とブラシ、それぞれに発生する静電気をスピーディに抑えて摩擦ダメージを抑制。 ・キューティクルをまもり、サラリとしたまとまりのある髪へと仕上げます。さらに枝毛・切れ毛を抑えてカラーリングも長持ちします。 ●シンプル操作性で使い方カンタン。 ・TURBO、SET、COLDと3種のメニューから選べる風パターンを搭載。切り換えもカンタンで、ハンドル部にあるメインスイッチをスライドするだけでOKです。 / 理美容・健康・マッサージチェア・シャワーヘッド ヘアケア・ヘッドスパ ヘアドライヤー / 家電 ●モード切替:TURBO(温風) / SET(温風) / COLD(冷風) ●温風温度:約95℃(TURBO運転時、室温30℃) ●風量:約5.1m3/分(TURBO運転時) ●マイナスイオン:〇 ●ナノイオン:× ●ヘアケア(低温):〇 ●静音タイプ:× ●電源:AC100V 50Hz-60Hz ●消費電力:1,200W(TURBO運転時) ●電圧切替(海外利用可):× ●電源コード長さ:約1.7m ●寸法:W8.4×H20.9×D24.3cm ●質量:約545g ●付属品:セット用ノズル、ユニット清掃ブラシ、取扱説明書""",https://www.edion.com/detail.html?p_cd=00079130837,https://www.edion.com/ito/product/3899/04550556143899/300x300/4550556143899_1.jpg,in_stock,17983,new,シャープ,4550556143899,美容・健康 > 衛生日用品 > ヘアケア用品 > ヘアスタイリング道具 > ヘアドライヤー,理美容・健康・マッサージチェア・シャワーヘッド > ヘアケア・ヘッドスパ > ヘアドライヤー
4550719001486,パナソニック ヘアードライヤー イオニティ アッシュグリーン EH-NE7N-G,速乾・大風量でパワフルドライ。ダブルミネラル&マイナスイオン。 ●速乾・大風量でパワフルドライ。 ●ダブルミネラル&マイナスイオンで、キューティクルを密着ケア。UV・摩擦ダメージ抑制しながら、指通りのよいさらさら髪へ。 ●髪をいたわりながら乾燥、低温ケアモード搭載。 メーカー商品詳細ページはこちら / 理美容・健康・マッサージチェア・シャワーヘッド ヘアケア・ヘッドスパ ヘアドライヤー / 家電 ●モード切替:TURBO、CARE、COLD ●風量:1.6m3/分(吹出口風量) ●マイナスイオン:〇 ●ヘアケア(低温):〇 ●消費電力:1200W ●寸法:W18.4×H21.8×D8.5cm ●質量:約550g,https://www.edion.com/detail.html?p_cd=00083479663,https://www.edion.com/ito/product/1486/04550719001486/300x300/4550719001486_1.jpg,in_stock,10280,new,パナソニック,4550719001486,美容・健康 > 衛生日用品 > ヘアケア用品 > ヘアスタイリング道具 > ヘアドライヤー,理美容・健康・マッサージチェア・シャワーヘッド > ヘアケア・ヘッドスパ > ヘアドライヤー
4988338221839,クレイツ カールヘアーアイロン(38mm) ホワイト アフロート クレイツイオン エスペシャルカールII 38mm CICIW38SRM,弾むような極上カールを瞬時に叶える、機能性を高めたカールアイロン。 ●「誰でも簡単にサロン並みのスタイルを実現できるもの」をコンセプトに、よりクオリティの高い仕上がりやスタイルのデザイン性を追求したプロ仕様のカールアイロン。 ●パイプ表面に髪滑りが良い「クレイツイオン®ゴールド」加工を採用。また、パイプ部には「クレイツイオン®シリコンラバー」を搭載。髪に優しくフィットしながら適度なテンションをかけることで、しなやかで弾力のあるカールを再現します。 ●髪質に合わせて120℃~200℃まで20℃毎の5段階温度調節が可能。 ●手滑りを防ぎ、アイロン操作をしやすくします。 ●作り込み過ぎないルーズなカールに最適。 メーカー商品詳細ページはこちら / 理美容・健康・マッサージチェア・シャワーヘッド ヘアケア・ヘッドスパ ヘアアイロン カールヘアアイロン / 家電 ●機能:カール、誤作動防止機能 ●加工仕上:[プレート部]クレイツイオン(R)ゴールド加工 [パイプ部]クレイツイオン(R)ゴールド加工、クレイツイオン(R)シリコンラバー加工 ●自動電源OFF機能:最後のボタン操作から約1時間後に電源OFF ●温度調節:5段階/120-140-160-180-200℃ ●電源:単相100 240V AC(海外兼用) ●消費電力:51-64W ●パイプの長さ:約13.5cm ●コードの長さ:約2.0m ●寸法:W6.0×H8.0×L34.0cm (パイプ φ3.8cm) ●本体質量:約400g(コード込)、約290g(本体のみ) ●付属品:プロテクトバンド、海外兼用プラグ,https://www.edion.com/detail.html?p_cd=00050186044,https://www.edion.com/ito/product/1839/04988338221839/300x300/4988338221839_1.jpg,in_stock,9436,new,クレイツ,4988338221839,美容・健康 > 衛生日用品 > ヘアケア用品 > ヘアスタイリング道具,理美容・健康・マッサージチェア・シャワーヘッド > ヘアケア・ヘッドスパ > ヘアアイロン > カールヘアアイロン
4981747080547,コイズミ ハイスピードスリムドライヤー サロンセンス ホワイト KHD-9570/W,縦型の高風圧スリムドライヤー。 ●3段階の温度調節+COOL機能で髪質に合わせてきめ細やかなスタイリングが楽しめる。 ●3段階の風量調節で自分好みの風でドライ&セット。 ●ワンタッチで着脱できるマグネット式の集風ノズルと拡散ノズル。 ●ハイパワー&長寿命のハイスピードBLDCモーター採用。風量とモードを記憶するメモリー機能。 ●お手入れしやすい着脱式の吸込み口カバー。 メーカー商品詳細ページはこちら / 理美容・健康・マッサージチェア・シャワーヘッド ヘアケア・ヘッドスパ ヘアドライヤー / 家電 ●風量調節:3段階 ●温度調節:4段階(3段階+COOL) ●マイナスイオン:○ ●電圧切替(海外利用可):× ●電源:AC100V 50/60Hz ●消費電力:1200W ●コードの長さ:約1.7m ●寸法:約W4.6×H26.0×D4.8cm(本体のみ) ●質量:約430g(集風器含まず),https://www.edion.com/detail.html?p_cd=00077152350,https://www.edion.com/ito/product/0547/04981747080547/300x300/4981747080547_1.jpg,in_stock,8980,new,コイズミ,4981747080547,美容・健康 > 衛生日用品 > ヘアケア用品 > ヘアスタイリング道具 > ヘアドライヤー,理美容・健康・マッサージチェア・シャワーヘッド > ヘアケア・ヘッドスパ > ヘアドライヤー
4975479419232,オムロン 体重体組成計 カラダスキャン ホワイト KRD-508T-W,コネクトアプリ対応。 ●乗るだけで電源ON、自動で個人を認識し自動でデータ転送。 ●洗練されたデザインと充実した機能、透明電極と美しいLED表示。 ●家族みんなで使いやすい体組成計。 ●健康管理に役立つ9項目を測定。 ●6歳から測定可能。 / 理美容・健康・マッサージチェア・シャワーヘッド ヘルスケア 体組成計・体重計 体組成計 / 家電 ●登録人数:4人 ●最大計量:135kg ●最小表示:2~100kgまで(100 g単位)、100~135 kgまで(200 g単位) ●電源:単4形アルカリ乾電池4個(LR03) ●電池寿命:約6カ月(単4形アルカリ乾電池使用時、1日4回測定、当社試験条件による) ●寸法:約W32.3×H2.8×D24.9cm ●質量:約1.8kg(電池含む) ●付属品:単4形アルカリ乾電池4個(お試し用)、取扱説明書(本書:品質保証書付き),https://www.edion.com/detail.html?p_cd=00079480321,https://www.edion.com/ito/product/9232/04975479419232/300x300/4975479419232_1.jpg,in_stock,7311,new,オムロン,4975479419232,美容・健康 > ヘルスケア > 医療用測定器 > 医療用体温計,理美容・健康・マッサージチェア・シャワーヘッド > ヘルスケア > 体組成計・体重計 > 体組成計
4987176328779,ブラウン 3枚刃シェーバー シリーズ7 シルバー 73-S85010CC,やさしく、深く剃れる「ひと剃り」。 ●360°に可動するヘッドと独立して浮き沈みする3連密着ブレードが、アゴ下や肌の凹凸にもしっかりフィットし、深剃りを実現。 ●人工知能テクノロジーがヒゲの濃さを読み取り、毎秒13回自動でパワーを調節するため、濃い部分もムラなく快適にシェービングできる。 ●スタンダード・ターボ・ジェントルの3つのモードで好みに応じたパワー設定が可能。 ●アルコール洗浄システムにより皮脂汚れを落とし、毎日新品同様の剃り味をキープ。 ●ヒゲトリマー搭載、100%防水設計でお風呂剃りにも対応。 メーカー商品詳細ページはこちら / 理美容・健康・マッサージチェア・シャワーヘッド シェーバー・バリカン他 シェーバー 3枚刃シェーバー / 家電 ●刃の枚数:3枚刃 ●電源方式:充電式 ●電源:AC100~240V ●急速充電時間:1時間(ジェントルモード使用) ●使用日数:約17日間(1日1回3分として) ●寸法:W6.4×H16.6×D5.1cm ●質量:約185g ●付属品:ケース,https://www.edion.com/detail.html?p_cd=00085031678,https://www.edion.com/ito/product/8779/04987176328779/300x300/4987176328779_1.jpg,in_stock,25800,new,ブラウン,4987176328779,美容・健康 > 衛生日用品 > シェービング・脱毛 > シェーバー・替刃,理美容・健康・マッサージチェア・シャワーヘッド > シェーバー・バリカン他 > シェーバー > 3枚刃シェーバー
4550556185257,シャープ 【限定カラー】プラズマクラスタードレープフロードライヤー Plasmacluster Beauty トワイライトグリーン IB-WX902-G,"""プラズマクラスタードライヤー。 ●2025年限定色モデル ●速乾・美髪への新しいアプローチ。根元から乾く、うるおってツヤめく。 ●髪の根元まで広く深く風を届けて速乾。 ・4つの吹出口からスピーディな風を出す「ドレープフローX4」で、濡れた髪を立体的に押し分けて根元や広範囲に風を届け、ドライ時間約35%短縮。(シャープドレープフロー非搭載機種IB-RP9[2022年]との比較)(効果は使用状況や個人差等により異なります。) ●プラズマクラスターでうるおいコーティング。 ・水分子に包まれたイオンが、髪表面をうるおいでコーティング。保湿効果を高め、キューティクルを引き締めて、ダメージに強いしなやかな髪へと導きます。イオン濃度もさらにアップしました。 (シャープIB-P601[2023年]との比較)。 ●プラズマクラスターで摩擦ダメージを抑える。 ・プラスとマイナス両方のイオンで、髪とブラシ、それぞれに発生する静電気をスピーディに抑えて摩擦ダメージを抑制。キューティクルをまもり、サラリとしたまとまりのある髪へと仕上げます。さらに枝毛・切れ毛を抑えてカラーリングも長持ちします。 ●SENSINGモードで熱ダメージから髪をまもる。 ・髪との距離をセンシングし、風の温度をコントロール。ドライヤーを近づけても髪が熱くなることを防ぎ、熱ダメージや過乾燥から髪をまもります。 ●GENTLEモードで小さなお子様の髪もやさしく乾かす。 ・SET(風量小)よりも風量を抑え、風の温度を低めに。さらにドライヤーと髪が近づきすぎると冷風に切り替わる安心設計。大きな送風音に敏感なお子様に配慮した、やさしくヘアドライ できる新しいモードです。前髪などの部分的なスタイリングの仕上げにもおすすめです。 ●BEAUTYモードでツヤ仕上げ、もっと輝く髪へ。 ・温風(7秒)×冷風(5秒)を自動で交互に吹き出すことで、キューティクルを引き締めツヤ髪に仕上げます。また、周辺温度をセンサーで感知し、最適な温度帯に自動で設定します。 ●髪と地肌を思いやる、多彩なモード。 ・多彩なモードを切り替えて髪を乾かせば、髪と頭皮をいたわりながら美しく仕上げることができます。仕上げにはワンプッシュで切り替わる[COLD]がおススメです。 ●アプリとの連携でドライモードをカスタマイズできる、APPモード。 ・好きな[温度帯]×[時間]の組合せで、乾かす風を自分好みの心地よいドライモードにカスタマイズできる美髪アプリ[プラズマクラスタービューティアプリ]に対応。好みの仕上がりを選べば理想的なドライモードを案内するコンシェルメニューも充実しています。 ●スリムなデザインで速乾をサポート。 ・スリムなデザインだから、ヘアドライ時の腕の動きもコンパクトに。さらに握りやすいハンドルや片手で切り替えやすいボタンやスイッチなど、スムーズな操作ができる設計です。ヘアドライ中の手首負担も約71%軽減(シャープIB-RP9[2022年]との比較)。 / 理美容・健康・マッサージチェア・シャワーヘッド ヘアケア・ヘッドスパ ヘアドライヤー / 家電 ●モード切替:HOT / SENSING / BEAUTY /SCALP / COLD / GENTLE / APP(アプリ対応) ●温風温度:約95℃(HOT/DRY運転時、室温30℃) ●風量:約7.4m3/分(TURBO運転時) ●マイナスイオン:〇 ●ナノイオン:× ●ヘアケア(低温):〇 ●静音タイプ:× ●電源:AC100V 50Hz-60Hz ●消費電力:1,200W(HOT/TURBO運転時) ●電圧切替(海外利用可):× ●電源コード長さ:約1.7m ●寸法:W8.0×H25.0×D6.3cm ●質量:約515g ●付属品:ユニット清掃ブラシ・ストラップ・取扱説明書""",https://www.edion.com/detail.html?p_cd=00084468536,https://www.edion.com/ito/product/5257/04550556185257/300x300/4550556185257_1.jpg,in_stock,39800,new,シャープ,4550556185257,美容・健康 > 衛生日用品 > ヘアケア用品 > ヘアスタイリング道具 > ヘアドライヤー,理美容・健康・マッサージチェア・シャワーヘッド > ヘアケア・ヘッドスパ > ヘアドライヤー
